session_id,label,distance,idx,loop_r_ohm,mq2_raw,temp_c,humidity_pct
ecig_01,ecig,가까이,0,265.2,8448,26.1,57.9
ecig_01,ecig,가까이,1,265.2,9328,26.2,58.3
ecig_01,ecig,가까이,2,265.4,10343,26.2,59.3
ecig_01,ecig,가까이,3,265.6,11196,26.2,64.4
ecig_01,ecig,가까이,4,265.4,11694,26.1,68.1
ecig_01,ecig,가까이,5,265.4,12288,26.1,71.5
ecig_01,ecig,가까이,6,265.3,12674,26.1,74.1
ecig_01,ecig,가까이,7,265.3,12724,26.1,75.6
ecig_01,ecig,가까이,8,265.3,12676,26.0,76.7
ecig_01,ecig,가까이,9,265.3,13090,26.1,78.8
ecig_01,ecig,가까이,10,265.3,13177,26.0,79.7
ecig_01,ecig,가까이,11,265.4,13204,26.0,79.3
ecig_01,ecig,가까이,12,265.5,13237,26.0,78.8
ecig_02,ecig,가까이,0,265.8,8818,26.3,57.6
ecig_02,ecig,가까이,1,265.6,8824,26.3,57.6
ecig_02,ecig,가까이,2,265.6,9335,26.3,57.5
ecig_02,ecig,가까이,3,265.6,11163,26.3,58.4
ecig_02,ecig,가까이,4,265.7,11888,26.3,65.8
ecig_02,ecig,가까이,5,265.6,12259,26.3,72.1
ecig_02,ecig,가까이,6,265.6,12394,26.3,76.5
ecig_02,ecig,가까이,7,265.6,12161,26.3,79.5
ecig_02,ecig,가까이,8,265.6,12540,26.3,81.1
ecig_02,ecig,가까이,9,265.8,12876,26.2,81.9
ecig_02,ecig,가까이,10,265.5,12747,26.2,82.0
ecig_02,ecig,가까이,11,265.6,12659,26.2,81.6
ecig_02,ecig,가까이,12,265.5,12575,26.1,79.6
ecig_02,ecig,가까이,13,265.9,12536,26.1,77.3
ecig_03,ecig,중간,0,266.4,8831,26.4,56.7
ecig_03,ecig,중간,1,266.2,8828,26.3,56.7
ecig_03,ecig,중간,2,266.2,8822,26.3,56.7
ecig_03,ecig,중간,3,266.3,10661,26.3,56.7
ecig_03,ecig,중간,4,266.5,10982,26.4,59.6
ecig_03,ecig,중간,5,266.5,10715,26.3,64.0
ecig_03,ecig,중간,6,266.4,10577,26.3,65.2
ecig_03,ecig,중간,7,266.4,10532,26.3,65.3
ecig_03,ecig,중간,8,266.4,10485,26.3,65.4
ecig_03,ecig,중간,9,266.3,10645,26.3,64.8
ecig_03,ecig,중간,10,266.4,10726,26.2,64.9
ecig_03,ecig,중간,11,266.4,10595,26.2,64.9
ecig_03,ecig,중간,12,266.3,10554,26.2,64.7
ecig_03,ecig,중간,13,266.2,10485,26.1,64.7
ecig_03,ecig,중간,14,266.1,10571,26.1,64.0
ecig_03,ecig,중간,15,266.2,10719,26.1,64.1
ecig_04,ecig,중간,0,265.9,8775,26.3,56.5
ecig_04,ecig,중간,1,266.0,8769,26.3,56.6
ecig_04,ecig,중간,2,266.0,9306,26.3,56.5
ecig_04,ecig,중간,3,266.0,10175,26.3,58.2
ecig_04,ecig,중간,4,266.1,10500,26.3,60.9
ecig_04,ecig,중간,5,266.1,10298,26.3,63.1
ecig_04,ecig,중간,6,266.2,10799,26.2,63.9
ecig_04,ecig,중간,7,266.1,11117,26.2,65.7
ecig_04,ecig,중간,8,266.0,10837,26.1,66.3
ecig_04,ecig,중간,9,266.1,11140,26.1,66.2
ecig_04,ecig,중간,10,266.1,11008,26.1,66.1
ecig_04,ecig,중간,11,266.1,11298,26.0,65.8
ecig_04,ecig,중간,12,266.0,11066,26.0,66.2
ecig_04,ecig,중간,13,266.1,11407,25.9,66.2
ecig_04,ecig,중간,14,266.0,11167,25.8,65.9
ecig_04,ecig,중간,15,266.1,11455,25.8,65.3
ecig_04,ecig,중간,16,266.0,11403,25.8,65.8
ecig_04,ecig,중간,17,266.0,11407,25.7,65.9
ecig_04,ecig,중간,18,266.1,11899,25.7,66.7
ecig_05,ecig,중간,0,265.8,8789,26.2,58.7
ecig_05,ecig,중간,1,265.8,8779,26.2,58.7
ecig_05,ecig,중간,2,265.8,9212,26.2,58.6
ecig_05,ecig,중간,3,265.9,9802,26.2,60.8
ecig_05,ecig,중간,4,265.9,10505,26.2,63.4
ecig_05,ecig,중간,5,266.2,10194,26.1,65.7
ecig_05,ecig,중간,6,265.9,10330,26.1,66.2
ecig_05,ecig,중간,7,266.2,10865,26.1,66.6
ecig_05,ecig,중간,8,265.9,10604,26.1,67.5
ecig_05,ecig,중간,9,266.0,10757,26.0,67.9
ecig_05,ecig,중간,10,266.0,11294,26.0,69.0
ecig_05,ecig,중간,11,266.2,11108,25.9,69.8
ecig_05,ecig,중간,12,266.1,11180,25.9,69.3
ecig_05,ecig,중간,13,266.0,11602,25.9,69.6
ecig_05,ecig,중간,14,266.1,11721,25.8,70.0
ecig_05,ecig,중간,15,266.0,12129,25.8,70.5
ecig_06,ecig,중간,0,265.8,8796,26.2,57.5
ecig_06,ecig,중간,1,266.1,9273,26.2,57.6
ecig_06,ecig,중간,2,265.8,10170,26.2,58.5
ecig_06,ecig,중간,3,265.9,10087,26.2,61.2
ecig_06,ecig,중간,4,265.8,10393,26.2,63.0
ecig_06,ecig,중간,5,265.8,10557,26.1,64.2
ecig_06,ecig,중간,6,265.7,10376,26.1,64.9
ecig_06,ecig,중간,7,265.8,10764,26.0,65.8
ecig_06,ecig,중간,8,265.9,11021,26.0,66.8
ecig_06,ecig,중간,9,265.8,10959,25.9,66.7
ecig_06,ecig,중간,10,265.9,11247,25.9,67.8
ecig_06,ecig,중간,11,265.8,10969,25.9,68.7
ecig_06,ecig,중간,12,265.8,11190,25.8,68.2
ecig_06,ecig,중간,13,265.8,11405,25.8,68.6
ecig_06,ecig,중간,14,265.8,11418,25.8,69.3
ecig_07,ecig,멀리서,0,265.8,8845,26.1,57.3
ecig_07,ecig,멀리서,1,265.8,8831,26.1,57.2
ecig_07,ecig,멀리서,2,265.9,8915,26.1,57.2
ecig_07,ecig,멀리서,3,265.9,9075,26.1,58.0
ecig_07,ecig,멀리서,4,265.9,9236,26.1,59.2
ecig_07,ecig,멀리서,5,265.9,9212,26.1,60.2
ecig_07,ecig,멀리서,6,266.1,9386,26.1,60.7
ecig_07,ecig,멀리서,7,265.9,9367,26.1,61.1
ecig_07,ecig,멀리서,8,265.8,9432,26.0,61.5
ecig_07,ecig,멀리서,9,265.9,9447,26.0,61.6
ecig_07,ecig,멀리서,10,266.1,9582,26.0,61.9
ecig_07,ecig,멀리서,11,265.9,9626,26.0,62.0
ecig_07,ecig,멀리서,12,266.0,9638,25.9,62.3
ecig_07,ecig,멀리서,13,266.0,9693,25.9,62.2
ecig_07,ecig,멀리서,14,265.9,9796,25.9,62.5
ecig_07,ecig,멀리서,15,265.9,9691,25.8,62.8
ecig_07,ecig,멀리서,16,265.9,9812,25.8,62.4
ecig_07,ecig,멀리서,17,266.0,9702,25.8,62.8
ecig_07,ecig,멀리서,18,265.9,9896,25.7,62.4
ecig_08,ecig,멀리서,0,265.8,8797,25.9,57.6
ecig_08,ecig,멀리서,1,265.8,8786,26.0,57.6
ecig_08,ecig,멀리서,2,265.9,8797,25.9,57.6
ecig_08,ecig,멀리서,3,265.8,8807,26.0,57.9
ecig_08,ecig,멀리서,4,265.8,8844,25.9,58.7
ecig_08,ecig,멀리서,5,265.9,8867,26.0,59.3
ecig_08,ecig,멀리서,6,265.8,8888,26.0,59.7
ecig_08,ecig,멀리서,7,265.8,9111,26.0,59.9
ecig_08,ecig,멀리서,8,265.8,9204,25.9,61.0
ecig_08,ecig,멀리서,9,265.8,9279,25.9,61.6
ecig_08,ecig,멀리서,10,265.9,9362,25.9,62.0
ecig_08,ecig,멀리서,11,265.8,9348,25.9,62.7
ecig_08,ecig,멀리서,12,265.8,9464,25.9,62.7
ecig_08,ecig,멀리서,13,265.8,9739,25.8,63.3
ecig_09,ecig,멀리서,0,266.0,8678,25.9,57.5
ecig_09,ecig,멀리서,1,265.8,8673,25.9,57.5
ecig_09,ecig,멀리서,2,265.8,9070,25.9,57.5
ecig_09,ecig,멀리서,3,265.9,9309,25.9,59.2
ecig_09,ecig,멀리서,4,265.9,9538,25.9,60.5
ecig_09,ecig,멀리서,5,265.8,9415,25.8,61.5
ecig_09,ecig,멀리서,6,265.8,9526,25.8,61.8
ecig_09,ecig,멀리서,7,265.9,9613,25.8,62.1
ecig_09,ecig,멀리서,8,265.8,9518,25.8,62.2
ecig_09,ecig,멀리서,9,265.8,9654,25.7,62.1
ecig_09,ecig,멀리서,10,265.9,9614,25.7,62.6
ecig_09,ecig,멀리서,11,265.9,9609,25.7,62.7
ecig_09,ecig,멀리서,12,265.8,9796,25.6,62.8
ecig_09,ecig,멀리서,13,265.8,9665,25.6,63.3
ecig_09,ecig,멀리서,14,265.8,9816,25.6,62.7
ecig_09,ecig,멀리서,15,265.9,10032,25.5,63.2
ecig_10,ecig,멀리서,0,265.8,8754,25.7,58.1
ecig_10,ecig,멀리서,1,265.9,8856,25.7,58.0
ecig_10,ecig,멀리서,2,265.8,8978,25.7,58.6
ecig_10,ecig,멀리서,3,265.8,9088,25.7,59.7
ecig_10,ecig,멀리서,4,265.9,9233,25.7,60.3
ecig_10,ecig,멀리서,5,265.8,9165,25.7,61.1
ecig_10,ecig,멀리서,6,265.8,9230,25.6,61.4
ecig_10,ecig,멀리서,7,265.9,9406,25.6,61.8
ecig_10,ecig,멀리서,8,265.8,9342,25.6,62.0
ecig_10,ecig,멀리서,9,265.9,9330,25.6,62.1
ecig_10,ecig,멀리서,10,265.8,9361,25.6,62.2
ecig_10,ecig,멀리서,11,265.9,9361,25.6,62.2
ecig_10,ecig,멀리서,12,265.8,9406,25.5,62.3
ecig_10,ecig,멀리서,13,265.9,9390,25.5,62.7
ecig_10,ecig,멀리서,14,265.9,9368,25.4,62.8
ecig_10,ecig,멀리서,15,265.9,9409,25.4,63.0
