2026-08-18 16:51:33,-600838,510.77,-1.86
WiFi ?????? ?????? -> ????????? ??????
2026-08-18 16:56:33,-600598,514.07,-2.52
WiFi ?????? ?????? -> ????????? ??????
2026-08-18 17:01:33,-600599,513.75,-2.45
WiFi ?????? ?????? -> ????????? ??????
2026-08-18 17:06:33,-600789,511.91,-2.08
WiFi ?????? ?????? -> ????????? ??????
2026-08-18 17:11:33,-600701,512.43,-2.19
WiFi ?????? ?????? -> ????????? ??????
2026-08-18 17:16:33,-600780,512.13,-2.13
WiFi ?????? ?????? -> ????????? ??????
2026-08-18 17:21:33,-600604,513.47,-2.39
WiFi ?????? ?????? -> ????????? ??????
2026-08-18 17:26:33,-600642,513.21,-2.34
WiFi ?????? ?????? -> ????????? ??????
2026-08-18 17:31:33,-600608,514.00,-2.50
WiFi ?????? ?????? -> ????????? ??????
2026-08-18 17:36:33,-600880,510.71,-1.84
WiFi ?????? ?????? -> ????????? ??????
2026-08-18 17:41:33,-601134,507.73,-1.25
WiFi ?????? ?????? -> ????????? ??????
2026-08-18 17:46:33,-602078,497.19,0.85
WiFi ?????? ?????? -> ????????? ??????
2026-08-18 17:51:33,-601642,501.84,-0.07
WiFi ?????? ?????? -> ????????? ??????
2026-08-18 17:56:33,-601826,499.17,0.46
WiFi ?????? ?????? -> ????????? ??????
2026-08-18 18:01:33,-601478,505.07,-0.72
WiFi ?????? ?????? -> ????????? ??????
2026-08-18 18:06:33,-602298,495.40,1.21
WiFi ?????? ?????? -> ????????? ??????
2026-08-18 18:11:33,-601614,501.85,-0.08
WiFi ?????? ?????? -> ????????? ??????
2026-08-18 18:16:33,-602122,496.78,0.93
WiFi ?????? ?????? -> ????????? ??????
2026-08-18 18:21:33,-601532,503.69,-0.45
WiFi ?????? ?????? -> ????????? ??????
2026-08-18 18:26:33,-601778,500.16,0.26
WiFi ?????? ?????? -> ????????? ??????
2026-08-18 18:31:33,-601680,501.57,-0.02
WiFi ?????? ?????? -> ????????? ??????
2026-08-18 18:36:33,-601572,502.56,-0.22
WiFi ?????? ?????? -> ????????? ??????
2026-08-18 18:41:33,-601784,500.37,0.22
WiFi ?????? ?????? -> ????????? ??????
2026-08-18 18:46:33,-601847,499.33,0.43
WiFi ?????? ?????? -> ????????? ??????
2026-08-18 18:51:33,-602583,491.74,1.94
WiFi ?????? ?????? -> ????????? ??????
2026-08-18 18:56:33,-602209,496.22,1.04
WiFi ?????? ?????? -> ????????? ??????
2026-08-18 19:01:33,-602212,495.55,1.18
WiFi ?????? ?????? -> ????????? ??????
2026-08-18 19:06:33,-602405,492.93,1.70
WiFi ?????? ?????? -> ????????? ??????
2026-08-18 19:11:33,-602389,494.61,1.37
WiFi ?????? ?????? -> ????????? ??????
2026-08-18 19:16:33,-602273,494.34,1.42
WiFi ?????? ?????? -> ????????? ??????
2026-08-18 19:21:33,-602378,492.53,1.78
WiFi ?????? ?????? -> ????????? ??????
2026-08-18 19:26:33,-602590,491.77,1.93
WiFi ?????? ?????? -> ????????? ??????
2026-08-18 19:31:33,-602668,491.50,1.99
WiFi ?????? ?????? -> ????????? ??????
2026-08-18 19:36:33,-603263,483.38,3.61
WiFi ?????? ?????? -> ????????? ??????
2026-08-18 19:41:33,-602916,488.28,2.63
WiFi ?????? ?????? -> ????????? ??????
2026-08-18 19:46:33,-602610,490.13,2.26
WiFi ?????? ?????? -> ????????? ??????
2026-08-18 19:51:33,-602515,491.48,1.99
WiFi ?????? ?????? -> ????????? ??????
2026-08-18 19:56:33,-602976,487.57,2.77
WiFi ?????? ?????? -> ????????? ??????
2026-08-18 20:01:33,-603040,486.52,2.98
WiFi ?????? ?????? -> ????????? ??????
2026-08-18 20:06:33,-602766,488.98,2.49
WiFi ?????? ?????? -> ????????? ??????
2026-08-18 20:11:33,-603323,482.42,3.80
WiFi ?????? ?????? -> ????????? ??????
2026-08-18 20:16:33,-603551,480.01,4.28
WiFi ?????? ?????? -> ????????? ??????
2026-08-18 20:21:33,-604021,475.60,5.16
WiFi ?????? ?????? -> ????????? ??????
2026-08-18 20:26:33,-603769,478.64,4.55
WiFi ?????? ?????? -> ????????? ??????
2026-08-18 20:31:33,-603047,486.44,2.99
WiFi ?????? ?????? -> ????????? ??????
2026-08-18 20:36:33,-603795,477.56,4.77
WiFi ?????? ?????? -> ????????? ??????
2026-08-18 20:41:33,-603597,479.71,4.34
WiFi ?????? ?????? -> ????????? ??????
2026-08-18 20:46:33,-603177,485.24,3.23
WiFi ?????? ?????? -> ????????? ??????
2026-08-18 20:51:33,-603337,483.01,3.68
WiFi ?????? ?????? -> ????????? ??????
2026-08-18 20:56:33,-603579,480.09,4.26
WiFi ?????? ?????? -> ????????? ??????
2026-08-18 21:01:33,-603824,478.22,4.63
WiFi ?????? ?????? -> ????????? ??????
2026-08-18 21:06:33,-603501,480.12,4.26
WiFi ?????? ?????? -> ????????? ??????
2026-08-18 21:11:33,-603714,479.27,4.43
WiFi ?????? ?????? -> ????????? ??????
2026-08-18 21:16:33,-604252,471.60,5.95
WiFi ?????? ?????? -> ????????? ??????
2026-08-18 21:21:33,-604017,475.45,5.19
WiFi ?????? ?????? -> ????????? ??????
2026-08-18 21:26:33,-603933,476.43,4.99
WiFi ?????? ?????? -> ????????? ??????
2026-08-18 21:31:33,-604406,471.23,6.03
WiFi ?????? ?????? -> ????????? ??????
2026-08-18 21:36:33,-603966,474.99,5.28
WiFi ?????? ?????? -> ????????? ??????
2026-08-18 21:41:33,-604803,465.97,7.08
WiFi ?????? ?????? -> ????????? ??????
2026-08-18 21:46:33,-604942,464.21,7.43
WiFi ?????? ?????? -> ????????? ??????
2026-08-18 21:51:33,-604204,473.32,5.61
WiFi ?????? ?????? -> ????????? ??????
2026-08-18 21:56:33,-604976,465.21,7.23
WiFi ?????? ?????? -> ????????? ??????
2026-08-18 22:01:33,-604212,473.55,5.57
WiFi ?????? ?????? -> ????????? ??????
2026-08-18 22:06:33,-605371,458.79,8.51
WiFi ?????? ?????? -> ????????? ??????
2026-08-18 22:11:33,-604686,468.46,6.58
WiFi ?????? ?????? -> ????????? ??????
2026-08-18 22:16:33,-603701,478.63,4.55
WiFi ?????? ?????? -> ????????? ??????
2026-08-18 22:21:33,-603572,480.26,4.23
WiFi ?????? ?????? -> ????????? ??????
2026-08-18 22:26:33,-603452,481.57,3.97
WiFi ?????? ?????? -> ????????? ??????
2026-08-18 22:31:33,-603294,483.24,3.63
WiFi ?????? ?????? -> ????????? ??????
2026-08-18 22:36:33,-603225,484.22,3.44
WiFi ?????? ?????? -> ????????? ??????
2026-08-18 22:41:33,-603125,485.17,3.25
WiFi ?????? ?????? -> ????????? ??????
2026-08-18 22:46:33,-603073,485.89,3.11
WiFi ?????? ?????? -> ????????? ??????
2026-08-18 22:51:33,-603011,486.39,3.01
WiFi ?????? ?????? -> ????????? ??????
2026-08-18 22:56:33,-602954,487.22,2.84
WiFi ?????? ?????? -> ????????? ??????
2026-08-18 23:01:33,-602900,487.73,2.74
WiFi ?????? ?????? -> ????????? ??????
2026-08-18 23:06:33,-602823,488.73,2.54
WiFi ?????? ?????? -> ????????? ??????
2026-08-18 23:11:33,-602785,488.97,2.49
WiFi ?????? ?????? -> ????????? ??????
2026-08-18 23:16:33,-602724,489.82,2.32
WiFi ?????? ?????? -> ????????? ??????
2026-08-18 23:21:33,-602702,489.98,2.29
WiFi ?????? ?????? -> ????????? ??????
2026-08-18 23:26:33,-602656,490.80,2.12
WiFi ?????? ?????? -> ????????? ??????
2026-08-18 23:31:33,-602626,490.85,2.12
WiFi ?????? ?????? -> ????????? ??????
2026-08-18 23:36:33,-602598,491.18,2.05
WiFi ?????? ?????? -> ????????? ??????
2026-08-18 23:41:33,-602547,491.77,1.93
WiFi ?????? ?????? -> ????????? ??????
2026-08-18 23:46:33,-602512,492.15,1.86
WiFi ?????? ?????? -> ????????? ??????
2026-08-18 23:51:33,-602512,492.34,1.82
WiFi ?????? ?????? -> ????????? ??????
2026-08-18 23:56:33,-602458,492.75,1.74
WiFi ?????? ?????? -> ????????? ??????
2026-08-19 00:01:33,-602433,492.96,1.70
WiFi ?????? ?????? -> ????????? ??????
2026-08-19 00:06:33,-602425,493.13,1.66
WiFi ?????? ?????? -> ????????? ??????
2026-08-19 00:11:33,-602349,493.89,1.51
WiFi ?????? ?????? -> ????????? ??????
2026-08-19 00:16:33,-602365,493.87,1.51
WiFi ?????? ?????? -> ????????? ??????
2026-08-19 00:21:33,-602340,494.33,1.42
WiFi ?????? ?????? -> ????????? ??????
2026-08-19 00:26:33,-602301,494.71,1.35
WiFi ?????? ?????? -> ????????? ??????
2026-08-19 00:31:33,-602285,494.92,1.30
WiFi ?????? ?????? -> ????????? ??????
2026-08-19 00:36:33,-602253,495.03,1.28
WiFi ?????? ?????? -> ????????? ??????
2026-08-19 00:41:33,-602208,495.53,1.18
WiFi ?????? ?????? -> ????????? ??????
2026-08-19 00:46:33,-602184,495.67,1.15
WiFi ?????? ?????? -> ????????? ??????
2026-08-19 00:51:33,-602150,496.29,1.03
WiFi ?????? ?????? -> ????????? ??????
2026-08-19 00:56:33,-602115,496.62,0.96
WiFi ?????? ?????? -> ????????? ??????
2026-08-19 01:01:33,-602126,496.63,0.96
WiFi ?????? ?????? -> ????????? ??????
2026-08-19 01:06:33,-602081,497.08,0.87
WiFi ?????? ?????? -> ????????? ??????
2026-08-19 01:11:33,-602050,497.53,0.78
WiFi ?????? ?????? -> ????????? ??????
2026-08-19 01:16:33,-602044,497.71,0.75
WiFi ?????? ?????? -> ????????? ??????
2026-08-19 01:21:33,-602005,497.63,0.76
WiFi ?????? ?????? -> ????????? ??????
2026-08-19 01:26:33,-601982,497.95,0.70
WiFi ?????? ?????? -> ????????? ??????
2026-08-19 01:31:33,-601981,498.06,0.68
WiFi ?????? ?????? -> ????????? ??????
2026-08-19 01:36:33,-601995,498.49,0.59
WiFi ?????? ?????? -> ????????? ??????
2026-08-19 01:41:33,-601951,498.60,0.57
WiFi ?????? ?????? -> ????????? ??????
2026-08-19 01:46:33,-601934,498.71,0.55
WiFi ?????? ?????? -> ????????? ??????
2026-08-19 01:51:33,-601905,499.15,0.46
WiFi ?????? ?????? -> ????????? ??????
2026-08-19 01:56:33,-601900,499.24,0.44
WiFi ?????? ?????? -> ????????? ??????
2026-08-19 02:01:33,-601861,499.59,0.37
WiFi ?????? ?????? -> ????????? ??????
2026-08-19 02:06:33,-601862,499.53,0.38
WiFi ?????? ?????? -> ????????? ??????
2026-08-19 02:11:33,-601852,499.56,0.38
WiFi ?????? ?????? -> ????????? ??????
2026-08-19 02:16:33,-601835,500.00,0.29
WiFi ?????? ?????? -> ????????? ??????
2026-08-19 02:21:33,-601786,500.23,0.25
WiFi ?????? ?????? -> ????????? ??????
2026-08-19 02:26:33,-601813,500.57,0.18
WiFi ?????? ?????? -> ????????? ??????
2026-08-19 02:31:33,-601770,500.50,0.19
WiFi ?????? ?????? -> ????????? ??????
2026-08-19 02:36:33,-601762,500.48,0.20
WiFi ?????? ?????? -> ????????? ??????
2026-08-19 02:41:33,-601781,500.77,0.14
WiFi ?????? ?????? -> ????????? ??????
2026-08-19 02:46:33,-601736,500.71,0.15
WiFi ?????? ?????? -> ????????? ??????
2026-08-19 02:51:33,-601748,500.93,0.11
WiFi ?????? ?????? -> ????????? ??????
2026-08-19 02:56:33,-601721,501.27,0.04
WiFi ?????? ?????? -> ????????? ??????
2026-08-19 03:01:33,-601700,501.23,0.05
WiFi ?????? ?????? -> ????????? ??????
2026-08-19 03:06:33,-601696,501.34,0.02
WiFi ?????? ?????? -> ????????? ??????
2026-08-19 03:11:33,-601676,501.67,-0.04
WiFi ?????? ?????? -> ????????? ??????
2026-08-19 03:16:33,-601681,501.54,-0.02
WiFi ?????? ?????? -> ????????? ??????
2026-08-19 03:21:33,-601666,501.83,-0.07
WiFi ?????? ?????? -> ????????? ??????
2026-08-19 03:26:33,-601656,501.54,-0.02
WiFi ?????? ?????? -> ????????? ??????
2026-08-19 03:31:33,-601628,502.25,-0.16
WiFi ?????? ?????? -> ????????? ??????
2026-08-19 03:36:33,-601609,502.29,-0.17
WiFi ?????? ?????? -> ????????? ??????
2026-08-19 03:41:33,-601619,502.41,-0.19
WiFi ?????? ?????? -> ????????? ??????
2026-08-19 03:46:33,-601618,502.54,-0.21
WiFi ?????? ?????? -> ????????? ??????
2026-08-19 03:51:33,-601604,502.60,-0.23
WiFi ?????? ?????? -> ????????? ??????
2026-08-19 03:56:33,-601581,502.53,-0.21
WiFi ?????? ?????? -> ????????? ??????
2026-08-19 04:01:33,-601603,502.84,-0.28
WiFi ?????? ?????? -> ????????? ??????
2026-08-19 04:06:33,-601581,502.76,-0.26
WiFi ?????? ?????? -> ????????? ??????
2026-08-19 04:11:33,-601582,502.87,-0.28
WiFi ?????? ?????? -> ????????? ??????
2026-08-19 04:16:33,-601573,503.14,-0.33
WiFi ?????? ?????? -> ????????? ??????
2026-08-19 04:21:33,-601580,502.78,-0.26
WiFi ?????? ?????? -> ????????? ??????
2026-08-19 04:26:33,-601575,502.94,-0.30
WiFi ?????? ?????? -> ????????? ??????
2026-08-19 04:31:33,-601560,502.80,-0.27
WiFi ?????? ?????? -> ????????? ??????
2026-08-19 04:36:33,-601522,503.13,-0.33
WiFi ?????? ?????? -> ????????? ??????
2026-08-19 04:41:33,-601552,503.36,-0.38
WiFi ?????? ?????? -> ????????? ??????
2026-08-19 04:46:33,-601512,503.66,-0.44
WiFi ?????? ?????? -> ????????? ??????
2026-08-19 04:51:33,-601541,503.17,-0.34
WiFi ?????? ?????? -> ????????? ??????
2026-08-19 04:56:33,-601520,503.57,-0.42
WiFi ?????? ?????? -> ????????? ??????
2026-08-19 05:01:33,-601481,503.67,-0.44
WiFi ?????? ?????? -> ????????? ??????
2026-08-19 05:06:33,-601530,503.41,-0.39
WiFi ?????? ?????? -> ????????? ??????
2026-08-19 05:11:33,-601522,503.48,-0.40
WiFi ?????? ?????? -> ????????? ??????
2026-08-19 05:16:33,-601516,503.61,-0.43
WiFi ?????? ?????? -> ????????? ??????
2026-08-19 05:21:33,-601482,503.84,-0.48
WiFi ?????? ?????? -> ????????? ??????
2026-08-19 05:26:33,-601512,503.36,-0.38
WiFi ?????? ?????? -> ????????? ??????
2026-08-19 05:31:33,-601461,504.10,-0.53
WiFi ?????? ?????? -> ????????? ??????
2026-08-19 05:36:33,-601470,504.05,-0.52
WiFi ?????? ?????? -> ????????? ??????
2026-08-19 05:41:33,-601468,503.70,-0.45
WiFi ?????? ?????? -> ????????? ??????
2026-08-19 05:46:33,-601427,504.62,-0.63
WiFi ?????? ?????? -> ????????? ??????
2026-08-19 05:51:33,-601432,504.26,-0.56
WiFi ?????? ?????? -> ????????? ??????
2026-08-19 05:56:33,-601452,504.61,-0.63
WiFi ?????? ?????? -> ????????? ??????
2026-08-19 06:01:33,-601437,504.42,-0.59
WiFi ?????? ?????? -> ????????? ??????
2026-08-19 06:06:33,-601391,504.77,-0.66
WiFi ?????? ?????? -> ????????? ??????
2026-08-19 06:11:33,-601460,504.14,-0.53
WiFi ?????? ?????? -> ????????? ??????
2026-08-19 06:16:33,-601427,504.71,-0.65
WiFi ?????? ?????? -> ????????? ??????
2026-08-19 06:21:33,-601391,504.94,-0.69
WiFi ?????? ?????? -> ????????? ??????
2026-08-19 06:26:33,-601412,504.43,-0.59
WiFi ?????? ?????? -> ????????? ??????
2026-08-19 06:31:33,-601397,505.03,-0.71
WiFi ?????? ?????? -> ????????? ??????
2026-08-19 06:36:33,-601394,504.99,-0.70
WiFi ?????? ?????? -> ????????? ??????
2026-08-19 06:41:33,-601403,504.98,-0.70
WiFi ?????? ?????? -> ????????? ??????
2026-08-19 06:46:33,-601367,505.45,-0.80
WiFi ?????? ?????? -> ????????? ??????
2026-08-19 06:51:33,-601409,504.80,-0.67
WiFi ?????? ?????? -> ????????? ??????
2026-08-19 06:56:33,-601369,505.17,-0.74
WiFi ?????? ?????? -> ????????? ??????
2026-08-19 07:01:33,-601395,504.95,-0.70
WiFi ?????? ?????? -> ????????? ??????
2026-08-19 07:06:33,-601372,505.25,-0.76
WiFi ?????? ?????? -> ????????? ??????
2026-08-19 07:11:33,-601337,505.78,-0.86
WiFi ?????? ?????? -> ????????? ??????
2026-08-19 07:16:33,-601344,505.73,-0.85
WiFi ?????? ?????? -> ????????? ??????
2026-08-19 07:21:33,-601399,504.92,-0.69
WiFi ?????? ?????? -> ????????? ??????
2026-08-19 07:26:33,-601347,505.10,-0.73
WiFi ?????? ?????? -> ????????? ??????
2026-08-19 07:31:33,-601341,505.34,-0.77
WiFi ?????? ?????? -> ????????? ??????
2026-08-19 07:36:33,-601320,505.84,-0.87
WiFi ?????? ?????? -> ????????? ??????
2026-08-19 07:41:33,-601330,505.43,-0.79
WiFi ?????? ?????? -> ????????? ??????
2026-08-19 07:46:33,-601337,505.64,-0.83
WiFi ?????? ?????? -> ????????? ??????
2026-08-19 07:51:33,-601290,506.03,-0.91
WiFi ?????? ?????? -> ????????? ??????
2026-08-19 07:56:33,-601313,505.78,-0.86
WiFi ?????? ?????? -> ????????? ??????
2026-08-19 08:01:33,-601317,505.80,-0.87
WiFi ?????? ?????? -> ????????? ??????
2026-08-19 08:06:33,-601320,505.84,-0.87
WiFi ?????? ?????? -> ????????? ??????
2026-08-19 08:11:33,-601315,505.79,-0.86
WiFi ?????? ?????? -> ????????? ??????
2026-08-19 08:16:33,-601288,506.17,-0.94
WiFi ?????? ?????? -> ????????? ??????
2026-08-19 08:21:33,-601293,506.16,-0.94
WiFi ?????? ?????? -> ????????? ??????
2026-08-19 08:26:33,-601309,505.55,-0.82
WiFi ?????? ?????? -> ????????? ??????
2026-08-19 08:31:33,-601288,506.20,-0.95
WiFi ?????? ?????? -> ????????? ??????
2026-08-19 08:36:33,-601301,506.09,-0.92
WiFi ?????? ?????? -> ????????? ??????
2026-08-19 08:41:33,-601291,505.81,-0.87
WiFi ?????? ?????? -> ????????? ??????
2026-08-19 08:46:33,-601292,506.25,-0.96
WiFi ?????? ?????? -> ????????? ??????
2026-08-19 08:51:33,-601283,506.19,-0.94
WiFi ?????? ?????? -> ????????? ??????
2026-08-19 08:56:33,-601236,506.39,-0.98
WiFi ?????? ?????? -> ????????? ??????
2026-08-19 09:01:33,-601329,506.38,-0.98
WiFi ?????? ?????? -> ????????? ??????
2026-08-19 09:06:33,-601281,506.07,-0.92
WiFi ?????? ?????? -> ????????? ??????
2026-08-19 09:11:33,-601270,506.43,-0.99
WiFi ?????? ?????? -> ????????? ??????
2026-08-19 09:16:33,-601282,506.28,-0.96
WiFi ?????? ?????? -> ????????? ??????
2026-08-19 09:21:33,-601257,506.62,-1.03
WiFi ?????? ?????? -> ????????? ??????
2026-08-19 09:26:33,-601246,506.53,-1.01
WiFi ?????? ?????? -> ????????? ??????
2026-08-19 09:31:33,-601247,506.81,-1.07
WiFi ?????? ?????? -> ????????? ??????
2026-08-19 09:36:33,-601214,506.80,-1.07
WiFi ?????? ?????? -> ????????? ??????
2026-08-19 09:41:33,-601250,506.64,-1.03
WiFi ?????? ?????? -> ????????? ??????
2026-08-19 09:46:33,-601249,506.61,-1.03
WiFi ?????? ?????? -> ????????? ??????
2026-08-19 09:51:33,-601191,507.16,-1.14
WiFi ?????? ?????? -> ????????? ??????
2026-08-19 09:56:33,-601207,507.02,-1.11
WiFi ?????? ?????? -> ????????? ??????
2026-08-19 10:01:33,-601199,506.91,-1.09
WiFi ?????? ?????? -> ????????? ??????
2026-08-19 10:06:33,-601192,507.01,-1.11
WiFi ?????? ?????? -> ????????? ??????
2026-08-19 10:11:33,-601137,507.65,-1.24
WiFi ?????? ?????? -> ????????? ??????
2026-08-19 10:16:33,-601142,507.69,-1.24
WiFi ?????? ?????? -> ????????? ??????
2026-08-19 10:21:33,-601303,505.66,-0.84
WiFi ?????? ?????? -> ????????? ??????
2026-08-19 10:26:33,-601493,503.76,-0.46
WiFi ?????? ?????? -> ????????? ??????
2026-08-19 10:31:33,-601945,499.00,0.49
WiFi ?????? ?????? -> ????????? ??????
2026-08-19 10:36:33,-601988,497.95,0.70
WiFi ?????? ?????? -> ????????? ??????
2026-08-19 10:41:33,-602178,495.55,1.18
WiFi ?????? ?????? -> ????????? ??????
2026-08-19 10:46:33,-602333,493.83,1.52
WiFi ?????? ?????? -> ????????? ??????
2026-08-19 10:51:33,-602388,493.42,1.60
WiFi ?????? ?????? -> ????????? ??????
2026-08-19 10:56:33,-602294,493.74,1.54
WiFi ?????? ?????? -> ????????? ??????
2026-08-19 11:01:33,-602529,492.84,1.72
WiFi ?????? ?????? -> ????????? ??????
2026-08-19 11:06:33,-602487,492.02,1.88
WiFi ?????? ?????? -> ????????? ??????
2026-08-19 11:11:33,-602662,490.83,2.12
WiFi ?????? ?????? -> ????????? ??????
2026-08-19 11:16:33,-602626,490.73,2.14
WiFi ?????? ?????? -> ????????? ??????
2026-08-19 11:21:33,-602628,490.86,2.11
WiFi ?????? ?????? -> ????????? ??????
2026-08-19 11:26:33,-602571,491.23,2.04
WiFi ?????? ?????? -> ????????? ??????
2026-08-19 11:31:33,-602612,490.28,2.23
WiFi ?????? ?????? -> ????????? ??????
2026-08-19 11:36:33,-602750,488.79,2.53
WiFi ?????? ?????? -> ????????? ??????
2026-08-19 11:41:33,-602692,489.92,2.30
WiFi ?????? ?????? -> ????????? ??????
2026-08-19 11:46:33,-602699,490.20,2.25
WiFi ?????? ?????? -> ????????? ??????
2026-08-19 11:51:33,-603037,485.29,3.22
WiFi ?????? ?????? -> ????????? ??????
2026-08-19 11:56:33,-603001,486.35,3.01
WiFi ?????? ?????? -> ????????? ??????
2026-08-19 12:01:33,-602954,487.37,2.81
WiFi ?????? ?????? -> ????????? ??????
2026-08-19 12:06:33,-603156,483.32,3.62
WiFi ?????? ?????? -> ????????? ??????
2026-08-19 12:11:33,-603502,481.02,4.08
WiFi ?????? ?????? -> ????????? ??????
2026-08-19 12:16:33,-603433,481.67,3.95
WiFi ?????? ?????? -> ????????? ??????
2026-08-19 12:21:33,-603647,480.01,4.28
WiFi ?????? ?????? -> ????????? ??????
2026-08-19 12:26:33,-603682,477.83,4.71
WiFi ?????? ?????? -> ????????? ??????
2026-08-19 12:31:33,-603793,477.92,4.69
WiFi ?????? ?????? -> ????????? ??????
2026-08-19 12:36:33,-603840,477.64,4.75
WiFi ?????? ?????? -> ????????? ??????
2026-08-19 12:41:33,-603856,476.47,4.98
WiFi ?????? ?????? -> ????????? ??????
2026-08-19 12:46:33,-604135,473.73,5.53
WiFi ?????? ?????? -> ????????? ??????
2026-08-19 12:51:33,-603986,475.20,5.24
WiFi ?????? ?????? -> ????????? ??????
2026-08-19 12:56:33,-604144,473.96,5.48
WiFi ?????? ?????? -> ????????? ??????
2026-08-19 13:01:33,-604181,472.70,5.74
WiFi ?????? ?????? -> ????????? ??????
2026-08-19 13:06:33,-604179,473.61,5.55
WiFi ?????? ?????? -> ????????? ??????
2026-08-19 13:11:33,-604079,474.71,5.33
WiFi ?????? ?????? -> ????????? ??????
2026-08-19 13:16:33,-603949,476.64,4.95
WiFi ?????? ?????? -> ????????? ??????
2026-08-19 13:21:33,-603799,477.88,4.70
WiFi ?????? ?????? -> ????????? ??????
2026-08-19 13:26:33,-603756,477.73,4.73
WiFi ?????? ?????? -> ????????? ??????
2026-08-19 13:31:33,-603725,478.59,4.56
WiFi ?????? ?????? -> ????????? ??????
2026-08-19 13:36:33,-603748,477.98,4.68
WiFi ?????? ?????? -> ????????? ??????
2026-08-19 13:41:33,-603825,476.89,4.90
WiFi ?????? ?????? -> ????????? ??????
2026-08-19 13:46:33,-603846,476.97,4.88
WiFi ?????? ?????? -> ????????? ??????
2026-08-19 13:51:33,-604024,475.36,5.20
WiFi ?????? ?????? -> ????????? ??????
2026-08-19 13:56:33,-604167,473.46,5.58
WiFi ?????? ?????? -> ????????? ??????
2026-08-19 14:01:33,-604174,472.90,5.70
WiFi ?????? ?????? -> ????????? ??????
2026-08-19 14:06:33,-604138,473.24,5.63
WiFi ?????? ?????? -> ????????? ??????
2026-08-19 14:11:33,-604316,472.12,5.85
WiFi ?????? ?????? -> ????????? ??????
2026-08-19 14:16:33,-604336,470.71,6.13
WiFi ?????? ?????? -> ????????? ??????
2026-08-19 14:21:33,-604429,471.24,6.03
WiFi ?????? ?????? -> ????????? ??????
2026-08-19 14:26:33,-604543,469.75,6.32
WiFi ?????? ?????? -> ????????? ??????
2026-08-19 14:31:33,-604561,469.46,6.38
WiFi ?????? ?????? -> ????????? ??????
2026-08-19 14:36:33,-604660,467.50,6.77
WiFi ?????? ?????? -> ????????? ??????
2026-08-19 14:41:33,-604629,467.81,6.71
WiFi ?????? ?????? -> ????????? ??????
2026-08-19 14:46:33,-604460,469.71,6.33
WiFi ?????? ?????? -> ????????? ??????
2026-08-19 14:51:33,-604340,471.76,5.92
WiFi ?????? ?????? -> ????????? ??????
2026-08-19 14:56:33,-604434,470.76,6.12
WiFi ?????? ?????? -> ????????? ??????
2026-08-19 15:01:33,-604300,471.73,5.93
WiFi ?????? ?????? -> ????????? ??????
2026-08-19 15:06:33,-604401,470.39,6.20
WiFi ?????? ?????? -> ????????? ??????
2026-08-19 15:11:33,-604300,471.70,5.93
WiFi ?????? ?????? -> ????????? ??????
2026-08-19 15:16:33,-604349,470.97,6.08
WiFi ?????? ?????? -> ????????? ??????
2026-08-19 15:21:33,-604238,472.24,5.83
WiFi ?????? ?????? -> ????????? ??????
2026-08-19 15:26:33,-604330,471.70,5.93
WiFi ?????? ?????? -> ????????? ??????
2026-08-19 15:31:33,-604261,472.44,5.79
WiFi ?????? ?????? -> ????????? ??????
2026-08-19 15:36:33,-604391,470.86,6.10
WiFi ?????? ?????? -> ????????? ??????
2026-08-19 15:41:33,-604355,471.15,6.04
WiFi ?????? ?????? -> ????????? ??????
2026-08-19 15:46:33,-604301,471.73,5.93
WiFi ?????? ?????? -> ????????? ??????
2026-08-19 15:51:33,-604371,470.57,6.16
WiFi ?????? ?????? -> ????????? ??????
2026-08-19 15:56:33,-604416,471.01,6.07
WiFi ?????? ?????? -> ????????? ??????
2026-08-19 16:01:33,-604439,470.73,6.13
WiFi ?????? ?????? -> ????????? ??????
2026-08-19 16:06:33,-604404,470.75,6.12
WiFi ?????? ?????? -> ????????? ??????
2026-08-19 16:11:33,-604197,472.98,5.68
WiFi ?????? ?????? -> ????????? ??????
2026-08-19 16:16:33,-604320,472.30,5.82
WiFi ?????? ?????? -> ????????? ??????
2026-08-19 16:21:33,-604138,472.81,5.71
WiFi ?????? ?????? -> ????????? ??????
2026-08-19 16:26:33,-604205,472.77,5.72
WiFi ?????? ?????? -> ????????? ??????
2026-08-19 16:31:33,-604194,473.63,5.55
WiFi ?????? ?????? -> ????????? ??????
2026-08-19 16:36:33,-604171,472.70,5.74
WiFi ?????? ?????? -> ????????? ??????
2026-08-19 16:41:33,-604249,472.13,5.85
WiFi ?????? ?????? -> ????????? ??????
2026-08-19 16:46:33,-604458,470.00,6.27
WiFi ?????? ?????? -> ????????? ??????
2026-08-19 16:51:33,-604272,471.39,6.00
WiFi ?????? ?????? -> ????????? ??????
2026-08-19 16:56:33,-604354,471.43,5.99
WiFi ?????? ?????? -> ????????? ??????
2026-08-19 17:01:33,-604372,471.04,6.07
WiFi ?????? ?????? -> ????????? ??????
2026-08-19 17:06:33,-604544,469.47,6.38
WiFi ?????? ?????? -> ????????? ??????
2026-08-19 17:11:33,-604630,468.13,6.65
WiFi ?????? ?????? -> ????????? ??????
2026-08-19 17:16:33,-604437,469.51,6.37
WiFi ?????? ?????? -> ????????? ??????
2026-08-19 17:21:33,-604394,471.07,6.06
WiFi ?????? ?????? -> ????????? ??????
2026-08-19 17:26:33,-604504,469.33,6.41
WiFi ?????? ?????? -> ????????? ??????
2026-08-19 17:31:33,-604423,470.50,6.17
WiFi ?????? ?????? -> ????????? ??????
2026-08-19 17:36:33,-604307,471.24,6.03
WiFi ?????? ?????? -> ????????? ??????
2026-08-19 17:41:33,-604385,471.17,6.04
WiFi ?????? ?????? -> ????????? ??????
2026-08-19 17:46:33,-604400,470.79,6.12
WiFi ?????? ?????? -> ????????? ??????
2026-08-19 17:51:33,-604400,470.32,6.21
WiFi ?????? ?????? -> ????????? ??????
2026-08-19 17:56:33,-604381,471.58,5.96
WiFi ?????? ?????? -> ????????? ??????
2026-08-19 18:01:33,-604259,471.87,5.90
WiFi ?????? ?????? -> ????????? ??????
2026-08-19 18:06:33,-604431,470.16,6.24
WiFi ?????? ?????? -> ????????? ??????
2026-08-19 18:11:33,-604287,472.43,5.79
WiFi ?????? ?????? -> ????????? ??????
2026-08-19 18:16:33,-604294,471.54,5.97
WiFi ?????? ?????? -> ????????? ??????
2026-08-19 18:21:33,-604392,470.78,6.12
WiFi ?????? ?????? -> ????????? ??????
2026-08-19 18:26:33,-604370,470.13,6.25
WiFi ?????? ?????? -> ????????? ??????
2026-08-19 18:31:33,-604378,471.19,6.04
WiFi ?????? ?????? -> ????????? ??????
2026-08-19 18:36:33,-604368,470.85,6.10
WiFi ?????? ?????? -> ????????? ??????
2026-08-19 18:41:33,-604487,469.83,6.31
WiFi ?????? ?????? -> ????????? ??????
2026-08-19 18:46:33,-604478,469.77,6.32
WiFi ?????? ?????? -> ????????? ??????
2026-08-19 18:51:33,-604668,468.06,6.66
WiFi ?????? ?????? -> ????????? ??????
2026-08-19 18:56:33,-604576,468.65,6.54
WiFi ?????? ?????? -> ????????? ??????
2026-08-19 19:01:33,-604569,468.39,6.60
WiFi ?????? ?????? -> ????????? ??????
2026-08-19 19:06:33,-604701,467.61,6.75
WiFi ?????? ?????? -> ????????? ??????
2026-08-19 19:11:33,-604398,471.15,6.04
WiFi ?????? ?????? -> ????????? ??????
2026-08-19 19:16:33,-604613,468.53,6.57
WiFi ?????? ?????? -> ????????? ??????
2026-08-19 19:21:33,-604576,469.54,6.37
WiFi ?????? ?????? -> ????????? ??????
2026-08-19 19:26:33,-604356,471.15,6.04
WiFi ?????? ?????? -> ????????? ??????
2026-08-19 19:31:33,-604819,465.45,7.18
WiFi ?????? ?????? -> ????????? ??????
2026-08-19 19:36:33,-604672,467.37,6.80
WiFi ?????? ?????? -> ????????? ??????
2026-08-19 19:41:33,-604715,467.45,6.78
WiFi ?????? ?????? -> ????????? ??????
2026-08-19 19:46:33,-604433,471.50,5.97
WiFi ?????? ?????? -> ????????? ??????
2026-08-19 19:51:33,-604742,467.11,6.85
WiFi ?????? ?????? -> ????????? ??????
2026-08-19 19:56:33,-604534,468.82,6.51
WiFi ?????? ?????? -> ????????? ??????
2026-08-19 20:01:33,-604660,468.35,6.60
WiFi ?????? ?????? -> ????????? ??????
2026-08-19 20:06:33,-604670,466.93,6.89
WiFi ?????? ?????? -> ????????? ??????
2026-08-19 20:11:33,-605016,464.21,7.43
WiFi ?????? ?????? -> ????????? ??????
2026-08-19 20:16:33,-604897,465.34,7.20
WiFi ?????? ?????? -> ????????? ??????
2026-08-19 20:21:33,-604657,468.18,6.64
WiFi ?????? ?????? -> ????????? ??????
2026-08-19 20:26:33,-604655,468.41,6.59
WiFi ?????? ?????? -> ????????? ??????
2026-08-19 20:31:33,-604594,467.78,6.72
WiFi ?????? ?????? -> ????????? ??????
2026-08-19 20:36:33,-604614,467.72,6.73
WiFi ?????? ?????? -> ????????? ??????
2026-08-19 20:41:33,-604461,469.79,6.32
WiFi ?????? ?????? -> ????????? ??????
2026-08-19 20:46:33,-604237,472.74,5.73
WiFi ?????? ?????? -> ????????? ??????
2026-08-19 20:51:33,-604309,470.93,6.09
WiFi ?????? ?????? -> ????????? ??????
2026-08-19 20:56:33,-604372,470.87,6.10
WiFi ?????? ?????? -> ????????? ??????
2026-08-19 21:01:33,-604320,471.44,5.99
WiFi ?????? ?????? -> ????????? ??????
2026-08-19 21:06:33,-604573,468.83,6.51
WiFi ?????? ?????? -> ????????? ??????
2026-08-19 21:11:33,-604600,468.49,6.58
WiFi ?????? ?????? -> ????????? ??????
2026-08-19 21:16:33,-604478,470.05,6.26
WiFi ?????? ?????? -> ????????? ??????
2026-08-19 21:21:33,-604438,469.64,6.34
WiFi ?????? ?????? -> ????????? ??????
2026-08-19 21:26:33,-604534,469.58,6.36
WiFi ?????? ?????? -> ????????? ??????
2026-08-19 21:31:33,-604463,470.07,6.26
WiFi ?????? ?????? -> ????????? ??????
2026-08-19 21:36:33,-604768,466.69,6.93
WiFi ?????? ?????? -> ????????? ??????
2026-08-19 21:41:33,-604610,467.87,6.70
WiFi ?????? ?????? -> ????????? ??????
2026-08-19 21:46:33,-604599,468.25,6.62
WiFi ?????? ?????? -> ????????? ??????
2026-08-19 21:51:33,-604744,467.15,6.84
WiFi ?????? ?????? -> ????????? ??????
2026-08-19 21:56:33,-604443,470.15,6.24
WiFi ?????? ?????? -> ????????? ??????
2026-08-19 22:01:33,-604586,468.76,6.52
WiFi ?????? ?????? -> ????????? ??????
2026-08-19 22:06:33,-604700,466.96,6.88
WiFi ?????? ?????? -> ????????? ??????
2026-08-19 22:11:33,-605017,464.40,7.39
WiFi ?????? ?????? -> ????????? ??????
2026-08-19 22:16:33,-604954,464.01,7.47
WiFi ?????? ?????? -> ????????? ??????
2026-08-19 22:21:33,-605046,463.43,7.58
WiFi ?????? ?????? -> ????????? ??????
2026-08-19 22:26:33,-605229,461.06,8.06
WiFi ?????? ?????? -> ????????? ??????
2026-08-19 22:31:33,-605157,461.72,7.93
WiFi ?????? ?????? -> ????????? ??????
2026-08-19 22:36:33,-605256,460.78,8.11
WiFi ?????? ?????? -> ????????? ??????
2026-08-19 22:41:33,-605363,459.66,8.34
WiFi ?????? ?????? -> ????????? ??????
2026-08-19 22:46:33,-605086,462.99,7.67
WiFi ?????? ?????? -> ????????? ??????
2026-08-19 22:51:33,-605309,460.60,8.15
WiFi ?????? ?????? -> ????????? ??????
2026-08-19 22:56:33,-605204,461.05,8.06
WiFi ?????? ?????? -> ????????? ??????
2026-08-19 23:01:33,-605096,463.40,7.59
WiFi ?????? ?????? -> ????????? ??????
2026-08-19 23:06:33,-604978,464.46,7.38
WiFi ?????? ?????? -> ????????? ??????
2026-08-19 23:11:33,-605258,461.45,7.98
WiFi ?????? ?????? -> ????????? ??????
2026-08-19 23:16:33,-605419,459.96,8.28
WiFi ?????? ?????? -> ????????? ??????
2026-08-19 23:21:33,-605548,456.72,8.92
WiFi ?????? ?????? -> ????????? ??????
2026-08-19 23:26:33,-605515,456.41,8.98
WiFi ?????? ?????? -> ????????? ??????
2026-08-19 23:31:33,-605523,458.96,8.48
WiFi ?????? ?????? -> ????????? ??????
2026-08-19 23:36:33,-605478,459.09,8.45
WiFi ?????? ?????? -> ????????? ??????
2026-08-19 23:41:33,-605066,463.24,7.62
WiFi ?????? ?????? -> ????????? ??????
2026-08-19 23:46:33,-604674,467.89,6.69
WiFi ?????? ?????? -> ????????? ??????
2026-08-19 23:51:33,-604651,467.80,6.71
WiFi ?????? ?????? -> ????????? ??????
2026-08-19 23:56:33,-604563,469.51,6.37
WiFi ?????? ?????? -> ????????? ??????
2026-08-20 00:01:33,-604473,469.75,6.32
WiFi ?????? ?????? -> ????????? ??????
2026-08-20 00:06:33,-604311,471.73,5.93
WiFi ?????? ?????? -> ????????? ??????
2026-08-20 00:11:33,-604369,471.36,6.00
WiFi ?????? ?????? -> ????????? ??????
2026-08-20 00:16:33,-604315,471.83,5.91
WiFi ?????? ?????? -> ????????? ??????
2026-08-20 00:21:33,-604137,473.61,5.55
WiFi ?????? ?????? -> ????????? ??????
2026-08-20 00:26:33,-604156,473.12,5.65
WiFi ?????? ?????? -> ????????? ??????
2026-08-20 00:31:33,-604084,474.09,5.46
WiFi ?????? ?????? -> ????????? ??????
2026-08-20 00:36:33,-604089,474.40,5.40
WiFi ?????? ?????? -> ????????? ??????
2026-08-20 00:41:33,-604092,474.48,5.38
WiFi ?????? ?????? -> ????????? ??????
2026-08-20 00:46:33,-604014,475.31,5.21
WiFi ?????? ?????? -> ????????? ??????
2026-08-20 00:51:33,-603946,475.87,5.10
WiFi ?????? ?????? -> ????????? ??????
2026-08-20 00:56:33,-603851,476.73,4.93
WiFi ?????? ?????? -> ????????? ??????
2026-08-20 01:01:33,-603751,477.86,4.71
WiFi ?????? ?????? -> ????????? ??????
2026-08-20 01:06:33,-603796,477.35,4.81
WiFi ?????? ?????? -> ????????? ??????
2026-08-20 01:11:33,-603714,478.39,4.60
WiFi ?????? ?????? -> ????????? ??????
2026-08-20 01:16:33,-603796,476.96,4.89
WiFi ?????? ?????? -> ????????? ??????
2026-08-20 01:21:33,-603747,478.27,4.62
WiFi ?????? ?????? -> ????????? ??????
2026-08-20 01:26:33,-603766,477.32,4.81
WiFi ?????? ?????? -> ????????? ??????
2026-08-20 01:31:33,-603704,478.48,4.58
WiFi ?????? ?????? -> ????????? ??????
2026-08-20 01:36:33,-603656,478.94,4.49
WiFi ?????? ?????? -> ????????? ??????
2026-08-20 01:41:33,-603565,480.00,4.28
WiFi ?????? ?????? -> ????????? ??????
2026-08-20 01:46:33,-603555,479.83,4.31
WiFi ?????? ?????? -> ????????? ??????
2026-08-20 01:51:33,-603519,480.75,4.13
WiFi ?????? ?????? -> ????????? ??????
2026-08-20 01:56:33,-603544,480.55,4.17
WiFi ?????? ?????? -> ????????? ??????
2026-08-20 02:01:33,-603422,481.75,3.93
WiFi ?????? ?????? -> ????????? ??????
2026-08-20 02:06:33,-603513,480.47,4.19
WiFi ?????? ?????? -> ????????? ??????
2026-08-20 02:11:33,-603420,481.80,3.92
WiFi ?????? ?????? -> ????????? ??????
2026-08-20 02:16:33,-603280,483.37,3.61
WiFi ?????? ?????? -> ????????? ??????
2026-08-20 02:21:33,-603411,482.17,3.85
WiFi ?????? ?????? -> ????????? ??????
2026-08-20 02:26:33,-603337,482.77,3.73
WiFi ?????? ?????? -> ????????? ??????
2026-08-20 02:31:33,-603333,482.35,3.81
WiFi ?????? ?????? -> ????????? ??????
2026-08-20 02:36:33,-603388,482.23,3.83
WiFi ?????? ?????? -> ????????? ??????
2026-08-20 02:41:33,-603441,482.07,3.87
WiFi ?????? ?????? -> ????????? ??????
2026-08-20 02:46:33,-603241,484.04,3.47
WiFi ?????? ?????? -> ????????? ??????
2026-08-20 02:51:33,-603226,484.37,3.41
WiFi ?????? ?????? -> ????????? ??????
2026-08-20 02:56:33,-603269,484.14,3.45
WiFi ?????? ?????? -> ????????? ??????
2026-08-20 03:01:33,-603240,483.95,3.49
WiFi ?????? ?????? -> ????????? ??????
2026-08-20 03:06:33,-603061,485.72,3.14
WiFi ?????? ?????? -> ????????? ??????
2026-08-20 03:11:33,-603285,483.61,3.56
WiFi ?????? ?????? -> ????????? ??????
2026-08-20 03:16:33,-603086,485.66,3.15
WiFi ?????? ?????? -> ????????? ??????
2026-08-20 03:21:33,-603081,485.97,3.09
WiFi ?????? ?????? -> ????????? ??????
2026-08-20 03:26:33,-603147,485.68,3.15
WiFi ?????? ?????? -> ????????? ??????
2026-08-20 03:31:33,-603207,484.68,3.35
WiFi ?????? ?????? -> ????????? ??????
2026-08-20 03:36:33,-603142,484.80,3.32
WiFi ?????? ?????? -> ????????? ??????
2026-08-20 03:41:33,-603116,485.12,3.26
WiFi ?????? ?????? -> ????????? ??????
2026-08-20 03:46:33,-603011,486.63,2.96
WiFi ?????? ?????? -> ????????? ??????
2026-08-20 03:51:33,-603088,485.30,3.22
WiFi ?????? ?????? -> ????????? ??????
2026-08-20 03:56:33,-602998,487.23,2.84
WiFi ?????? ?????? -> ????????? ??????
2026-08-20 04:01:33,-602876,488.05,2.67
WiFi ?????? ?????? -> ????????? ??????
2026-08-20 04:06:33,-602879,488.11,2.66
WiFi ?????? ?????? -> ????????? ??????
2026-08-20 04:11:33,-603012,486.24,3.03
WiFi ?????? ?????? -> ????????? ??????
2026-08-20 04:16:33,-602823,488.36,2.61
WiFi ?????? ?????? -> ????????? ??????
2026-08-20 04:21:33,-603062,485.78,3.13
WiFi ?????? ?????? -> ????????? ??????
2026-08-20 04:26:33,-602933,487.37,2.81
WiFi ?????? ?????? -> ????????? ??????
2026-08-20 04:31:33,-603054,486.08,3.07
WiFi ?????? ?????? -> ????????? ??????
2026-08-20 04:36:33,-602905,487.64,2.76
WiFi ?????? ?????? -> ????????? ??????
2026-08-20 04:41:33,-602929,487.67,2.75
WiFi ?????? ?????? -> ????????? ??????
2026-08-20 04:46:33,-602914,488.94,2.50
WiFi ?????? ?????? -> ????????? ??????
2026-08-20 04:51:33,-602909,487.29,2.83
WiFi ?????? ?????? -> ????????? ??????
2026-08-20 04:56:33,-602759,488.90,2.51
WiFi ?????? ?????? -> ????????? ??????
2026-08-20 05:01:33,-602907,487.85,2.71
WiFi ?????? ?????? -> ????????? ??????
2026-08-20 05:06:33,-602911,487.85,2.71
WiFi ?????? ?????? -> ????????? ??????
2026-08-20 05:11:33,-602852,488.49,2.59
WiFi ?????? ?????? -> ????????? ??????
2026-08-20 05:16:33,-602860,487.89,2.71
WiFi ?????? ?????? -> ????????? ??????
2026-08-20 05:21:33,-602880,487.85,2.71
WiFi ?????? ?????? -> ????????? ??????
2026-08-20 05:26:33,-602821,488.17,2.65
WiFi ?????? ?????? -> ????????? ??????
2026-08-20 05:31:33,-602828,489.02,2.48
WiFi ?????? ?????? -> ????????? ??????
2026-08-20 05:36:33,-602738,3670.53,-631.97
WiFi ?????? ?????? -> ????????? ??????
2026-08-20 05:41:33,-602899,487.81,2.72
WiFi ?????? ?????? -> ????????? ??????
2026-08-20 05:46:33,-602727,489.66,2.35
WiFi ?????? ?????? -> ????????? ??????
2026-08-20 05:51:33,-602792,489.19,2.45
WiFi ?????? ?????? -> ????????? ??????
2026-08-20 05:56:33,-602735,489.53,2.38
WiFi ?????? ?????? -> ????????? ??????
2026-08-20 06:01:33,-602702,489.94,2.30
WiFi ?????? ?????? -> ????????? ??????
2026-08-20 06:06:33,-602674,489.89,2.31
WiFi ?????? ?????? -> ????????? ??????
2026-08-20 06:11:33,-602671,490.33,2.22
WiFi ?????? ?????? -> ????????? ??????
2026-08-20 06:16:33,-602678,490.10,2.26
WiFi ?????? ?????? -> ????????? ??????
2026-08-20 06:21:33,-602809,489.11,2.46
WiFi ?????? ?????? -> ????????? ??????
2026-08-20 06:26:33,-602644,490.25,2.24
WiFi ?????? ?????? -> ????????? ??????
2026-08-20 06:31:33,-602773,489.60,2.37
WiFi ?????? ?????? -> ????????? ??????
2026-08-20 06:36:33,-602711,489.67,2.35
WiFi ?????? ?????? -> ????????? ??????
2026-08-20 06:41:33,-602801,489.82,2.32
WiFi ?????? ?????? -> ????????? ??????
2026-08-20 06:46:33,-602735,489.31,2.42
WiFi ?????? ?????? -> ????????? ??????
2026-08-20 06:51:33,-602581,491.41,2.00
WiFi ?????? ?????? -> ????????? ??????
2026-08-20 06:56:33,-602670,490.04,2.28
WiFi ?????? ?????? -> ????????? ??????
2026-08-20 07:01:33,-602654,490.50,2.19
WiFi ?????? ?????? -> ????????? ??????
2026-08-20 07:06:33,-602634,490.36,2.21
WiFi ?????? ?????? -> ????????? ??????
2026-08-20 07:11:33,-602557,491.31,2.02
WiFi ?????? ?????? -> ????????? ??????
2026-08-20 07:16:33,-602554,491.87,1.91
WiFi ?????? ?????? -> ????????? ??????
2026-08-20 07:21:33,-602736,489.73,2.34
WiFi ?????? ?????? -> ????????? ??????
2026-08-20 07:26:33,-602628,490.98,2.09
WiFi ?????? ?????? -> ????????? ??????
2026-08-20 07:31:33,-602544,492.09,1.87
WiFi ?????? ?????? -> ????????? ??????
2026-08-20 07:36:33,-602678,489.62,2.36
WiFi ?????? ?????? -> ????????? ??????
2026-08-20 07:41:33,-602630,491.12,2.06
WiFi ?????? ?????? -> ????????? ??????
2026-08-20 07:46:33,-602617,490.54,2.18
WiFi ?????? ?????? -> ????????? ??????
2026-08-20 07:51:33,-602432,493.07,1.67
WiFi ?????? ?????? -> ????????? ??????
2026-08-20 07:56:33,-602578,491.28,2.03
WiFi ?????? ?????? -> ????????? ??????
2026-08-20 08:01:33,-602546,492.31,1.82
WiFi ?????? ?????? -> ????????? ??????
2026-08-20 08:06:33,-602591,491.06,2.07
WiFi ?????? ?????? -> ????????? ??????
2026-08-20 08:11:33,-602484,492.21,1.84
WiFi ?????? ?????? -> ????????? ??????
2026-08-20 08:16:33,-602474,492.55,1.78
WiFi ?????? ?????? -> ????????? ??????
2026-08-20 08:21:33,-602438,493.02,1.68
WiFi ?????? ?????? -> ????????? ??????
2026-08-20 08:26:33,-602377,493.38,1.61
WiFi ?????? ?????? -> ????????? ??????
2026-08-20 08:31:33,-602636,490.62,2.16
WiFi ?????? ?????? -> ????????? ??????
2026-08-20 08:36:33,-602533,492.03,1.88
WiFi ?????? ?????? -> ????????? ??????
2026-08-20 08:41:33,-602616,491.49,1.99
WiFi ?????? ?????? -> ????????? ??????
2026-08-20 08:46:33,-602596,491.75,1.94
WiFi ?????? ?????? -> ????????? ??????
2026-08-20 08:51:33,-602412,493.32,1.62
WiFi ?????? ?????? -> ????????? ??????
2026-08-20 08:56:33,-602421,493.53,1.58
WiFi ?????? ?????? -> ????????? ??????
2026-08-20 09:01:33,-602325,494.21,1.45
WiFi ?????? ?????? -> ????????? ??????
2026-08-20 09:06:33,-602499,491.87,1.91
WiFi ?????? ?????? -> ????????? ??????
2026-08-20 09:11:33,-602480,493.32,1.62
WiFi ?????? ?????? -> ????????? ??????
2026-08-20 09:16:33,-602605,491.18,2.05
WiFi ?????? ?????? -> ????????? ??????
2026-08-20 09:21:33,-602474,492.70,1.75
WiFi ?????? ?????? -> ????????? ??????
2026-08-20 09:26:33,-602568,492.12,1.86
WiFi ?????? ?????? -> ????????? ??????
2026-08-20 09:31:33,-602521,491.89,1.91
WiFi ?????? ?????? -> ????????? ??????
2026-08-20 09:36:33,-602433,493.04,1.68
WiFi ?????? ?????? -> ????????? ??????
2026-08-20 09:41:33,-602520,492.29,1.83
WiFi ?????? ?????? -> ????????? ??????
2026-08-20 09:46:33,-602505,492.16,1.86
WiFi ?????? ?????? -> ????????? ??????
2026-08-20 09:51:33,-602538,491.67,1.95
WiFi ?????? ?????? -> ????????? ??????
2026-08-20 09:56:33,-602382,493.29,1.63
WiFi ?????? ?????? -> ????????? ??????
2026-08-20 10:01:33,-602458,492.67,1.75
WiFi ?????? ?????? -> ????????? ??????
2026-08-20 10:06:33,-602382,493.59,1.57
WiFi ?????? ?????? -> ????????? ??????
2026-08-20 10:11:33,-602382,493.58,1.57
WiFi ?????? ?????? -> ????????? ??????
2026-08-20 10:16:33,-602401,493.39,1.61
WiFi ?????? ?????? -> ????????? ??????
2026-08-20 10:21:33,-602314,494.01,1.49
WiFi ?????? ?????? -> ????????? ??????
2026-08-20 10:26:33,-602362,493.67,1.55
WiFi ?????? ?????? -> ????????? ??????
2026-08-20 10:31:33,-602374,493.85,1.52
WiFi ?????? ?????? -> ????????? ??????
2026-08-20 10:36:33,-602327,494.48,1.39
WiFi ?????? ?????? -> ????????? ??????
2026-08-20 10:41:33,-602440,492.96,1.70
WiFi ?????? ?????? -> ????????? ??????
2026-08-20 10:46:33,-602273,495.12,1.26
WiFi ?????? ?????? -> ????????? ??????
2026-08-20 10:51:33,-602514,492.38,1.81
WiFi ?????? ?????? -> ????????? ??????
2026-08-20 10:56:33,-602132,495.95,1.10
WiFi ?????? ?????? -> ????????? ??????
2026-08-20 11:01:33,-602264,495.29,1.23
WiFi ?????? ?????? -> ????????? ??????
2026-08-20 11:06:33,-602310,494.53,1.38
WiFi ?????? ?????? -> ????????? ??????
2026-08-20 11:11:33,-602280,494.69,1.35
WiFi ?????? ?????? -> ????????? ??????
2026-08-20 11:16:33,-602459,493.18,1.65
WiFi ?????? ?????? -> ????????? ??????
2026-08-20 11:21:33,-602375,493.54,1.58
WiFi ?????? ?????? -> ????????? ??????
2026-08-20 11:26:33,-602443,492.92,1.70
WiFi ?????? ?????? -> ????????? ??????
2026-08-20 11:31:33,-602349,493.45,1.60
WiFi ?????? ?????? -> ????????? ??????
2026-08-20 11:36:33,-602342,494.11,1.47
WiFi ?????? ?????? -> ????????? ??????
2026-08-20 11:41:33,-602297,494.06,1.48
WiFi ?????? ?????? -> ????????? ??????
2026-08-20 11:46:33,-602246,495.30,1.23
WiFi ?????? ?????? -> ????????? ??????
2026-08-20 11:51:33,-602320,494.08,1.47
WiFi ?????? ?????? -> ????????? ??????
2026-08-20 11:56:33,-602300,494.61,1.37
WiFi ?????? ?????? -> ????????? ??????
2026-08-20 12:01:33,-602344,494.06,1.48
WiFi ?????? ?????? -> ????????? ??????
2026-08-20 12:06:33,-602284,494.60,1.37
WiFi ?????? ?????? -> ????????? ??????
2026-08-20 12:11:33,-602339,494.23,1.44
WiFi ?????? ?????? -> ????????? ??????
2026-08-20 12:16:33,-602300,494.45,1.40
WiFi ?????? ?????? -> ????????? ??????
2026-08-20 12:21:33,-602347,494.10,1.47
WiFi ?????? ?????? -> ????????? ??????
2026-08-20 12:26:33,-602391,494.21,1.45
WiFi ?????? ?????? -> ????????? ??????
2026-08-20 12:31:33,-602342,493.65,1.56
WiFi ?????? ?????? -> ????????? ??????
2026-08-20 12:36:33,-602256,495.09,1.27
WiFi ?????? ?????? -> ????????? ??????
2026-08-20 12:41:33,-602325,494.57,1.37
WiFi ?????? ?????? -> ????????? ??????
2026-08-20 12:46:33,-602328,494.95,1.30
WiFi ?????? ?????? -> ????????? ??????
2026-08-20 12:51:33,-602244,495.32,1.22
WiFi ?????? ?????? -> ????????? ??????
2026-08-20 12:56:33,-602387,493.04,1.68
WiFi ?????? ?????? -> ????????? ??????
2026-08-20 13:01:33,-602293,494.58,1.37
WiFi ?????? ?????? -> ????????? ??????
2026-08-20 13:06:33,-602386,493.62,1.56
WiFi ?????? ?????? -> ????????? ??????
2026-08-20 13:11:33,-602397,493.43,1.60
WiFi ?????? ?????? -> ????????? ??????
2026-08-20 13:16:33,-602448,493.25,1.64
WiFi ?????? ?????? -> ????????? ??????
2026-08-20 13:21:33,-602140,496.49,0.99
WiFi ?????? ?????? -> ????????? ??????
2026-08-20 13:26:33,-602331,493.95,1.50
WiFi ?????? ?????? -> ????????? ??????
2026-08-20 13:31:33,-602254,494.89,1.31
WiFi ?????? ?????? -> ????????? ??????
2026-08-20 13:36:33,-602261,495.47,1.19
WiFi ?????? ?????? -> ????????? ??????
2026-08-20 13:41:33,-602299,494.56,1.38
WiFi ?????? ?????? -> ????????? ??????
2026-08-20 13:46:33,-602218,496.19,1.05
WiFi ?????? ?????? -> ????????? ??????
2026-08-20 13:51:33,-602427,493.23,1.64
WiFi ?????? ?????? -> ????????? ??????
2026-08-20 13:56:33,-602363,493.72,1.54
WiFi ?????? ?????? -> ????????? ??????
2026-08-20 14:01:33,-602287,494.83,1.32
WiFi ?????? ?????? -> ????????? ??????
2026-08-20 14:06:33,-602263,494.94,1.30
WiFi ?????? ?????? -> ????????? ??????
2026-08-20 14:11:33,-602253,494.98,1.29
WiFi ?????? ?????? -> ????????? ??????
2026-08-20 14:16:33,-602337,494.49,1.39
WiFi ?????? ?????? -> ????????? ??????
2026-08-20 14:21:33,-602388,493.55,1.58
WiFi ?????? ?????? -> ????????? ??????
2026-08-20 14:26:33,-602317,494.51,1.39
WiFi ?????? ?????? -> ????????? ??????
2026-08-20 14:31:33,-602171,495.87,1.11
WiFi ?????? ?????? -> ????????? ??????
2026-08-20 14:36:33,-602368,493.96,1.50
WiFi ?????? ?????? -> ????????? ??????
2026-08-20 14:41:33,-602839,488.19,2.65
WiFi ?????? ?????? -> ????????? ??????
2026-08-20 14:46:33,-603034,485.74,3.13
WiFi ?????? ?????? -> ????????? ??????
2026-08-20 14:51:33,-603229,483.87,3.51
WiFi ?????? ?????? -> ????????? ??????
2026-08-20 14:56:33,-603303,483.87,3.51
WiFi ?????? ?????? -> ????????? ??????
2026-08-20 15:01:33,-603309,482.94,3.69
WiFi ?????? ?????? -> ????????? ??????
2026-08-20 15:06:33,-603297,484.16,3.45
WiFi ?????? ?????? -> ????????? ??????
2026-08-20 15:11:33,-603399,482.46,3.79
WiFi ?????? ?????? -> ????????? ??????
2026-08-20 15:16:33,-603624,479.11,4.46
WiFi ?????? ?????? -> ????????? ??????
2026-08-20 15:21:33,-603520,480.99,4.08
WiFi ?????? ?????? -> ????????? ??????
2026-08-20 15:26:33,-603763,477.66,4.75
WiFi ?????? ?????? -> ????????? ??????
2026-08-20 15:31:33,-603800,477.69,4.74
WiFi ?????? ?????? -> ????????? ??????
2026-08-20 15:36:33,-603760,477.18,4.84
WiFi ?????? ?????? -> ????????? ??????
2026-08-20 15:41:33,-603640,480.18,4.24
WiFi ?????? ?????? -> ????????? ??????
2026-08-20 15:46:33,-603962,475.42,5.19
WiFi ?????? ?????? -> ????????? ??????
2026-08-20 15:51:33,-604080,473.55,5.57
WiFi ?????? ?????? -> ????????? ??????
2026-08-20 15:56:33,-604254,473.08,5.66
WiFi ?????? ?????? -> ????????? ??????
2026-08-20 16:01:33,-604066,474.10,5.46
WiFi ?????? ?????? -> ????????? ??????
2026-08-20 16:06:33,-603884,476.63,4.95
WiFi ?????? ?????? -> ????????? ??????
2026-08-20 16:11:33,-604159,473.97,5.48
WiFi ?????? ?????? -> ????????? ??????
2026-08-20 16:16:33,-604262,471.57,5.96
WiFi ?????? ?????? -> ????????? ??????
2026-08-20 16:21:33,-604502,469.37,6.40
WiFi ?????? ?????? -> ????????? ??????
2026-08-20 16:26:33,-604489,470.40,6.19
WiFi ?????? ?????? -> ????????? ??????
2026-08-20 16:31:33,-604431,470.18,6.24
WiFi ?????? ?????? -> ????????? ??????
2026-08-20 16:36:33,-604460,469.11,6.45
WiFi ?????? ?????? -> ????????? ??????
2026-08-20 16:41:33,-604581,468.26,6.62
WiFi ?????? ?????? -> ????????? ??????
2026-08-20 16:46:33,-604661,468.05,6.66
WiFi ?????? ?????? -> ????????? ??????
2026-08-20 16:51:33,-604586,468.55,6.56
WiFi ?????? ?????? -> ????????? ??????
2026-08-20 16:56:33,-604514,469.66,6.34
WiFi ?????? ?????? -> ????????? ??????
2026-08-20 17:01:33,-604403,470.53,6.17
WiFi ?????? ?????? -> ????????? ??????
2026-08-20 17:06:33,-604153,473.41,5.59
WiFi ?????? ?????? -> ????????? ??????
2026-08-20 17:11:33,-604483,469.32,6.41
WiFi ?????? ?????? -> ????????? ??????
2026-08-20 17:16:33,-604567,468.22,6.63
WiFi ?????? ?????? -> ????????? ??????
2026-08-20 17:21:33,-604461,469.88,6.30
WiFi ?????? ?????? -> ????????? ??????
2026-08-20 17:26:33,-604705,466.71,6.93
WiFi ?????? ?????? -> ????????? ??????
2026-08-20 17:31:33,-604633,468.67,6.54
WiFi ?????? ?????? -> ????????? ??????
2026-08-20 17:36:33,-604569,469.44,6.39
WiFi ?????? ?????? -> ????????? ??????
2026-08-20 17:41:33,-604799,466.35,7.00
WiFi ?????? ?????? -> ????????? ??????
2026-08-20 17:46:33,-605088,462.89,7.69
WiFi ?????? ?????? -> ????????? ??????
2026-08-20 17:51:33,-605138,461.52,7.96
WiFi ?????? ?????? -> ????????? ??????
2026-08-20 17:56:33,-605214,461.68,7.93
WiFi ?????? ?????? -> ????????? ??????
2026-08-20 18:01:33,-605098,463.15,7.64
WiFi ?????? ?????? -> ????????? ??????
2026-08-20 18:06:33,-604944,464.53,7.37
WiFi ?????? ?????? -> ????????? ??????
2026-08-20 18:11:33,-604760,466.12,7.05
WiFi ?????? ?????? -> ????????? ??????
2026-08-20 18:16:33,-605187,462.41,7.79
WiFi ?????? ?????? -> ????????? ??????
2026-08-20 18:21:33,-605014,463.60,7.55
WiFi ?????? ?????? -> ????????? ??????
2026-08-20 18:26:33,-604951,463.56,7.56
WiFi ?????? ?????? -> ????????? ??????
2026-08-20 18:31:33,-604808,465.81,7.11
WiFi ?????? ?????? -> ????????? ??????
2026-08-20 18:36:33,-604898,464.82,7.31
WiFi ?????? ?????? -> ????????? ??????
2026-08-20 18:41:33,-604847,466.03,7.07
WiFi ?????? ?????? -> ????????? ??????
2026-08-20 18:46:33,-604837,466.01,7.07
WiFi ?????? ?????? -> ????????? ??????
2026-08-20 18:51:33,-604804,465.39,7.19
WiFi ?????? ?????? -> ????????? ??????
2026-08-20 18:56:33,-604820,465.71,7.13
WiFi ?????? ?????? -> ????????? ??????
2026-08-20 19:01:33,-604937,464.41,7.39
WiFi ?????? ?????? -> ????????? ??????
2026-08-20 19:06:33,-604817,466.85,6.90
WiFi ?????? ?????? -> ????????? ??????
2026-08-20 19:11:33,-604893,465.23,7.22
WiFi ?????? ?????? -> ????????? ??????
2026-08-20 19:16:33,-604906,465.14,7.24
WiFi ?????? ?????? -> ????????? ??????
2026-08-20 19:21:33,-604948,463.73,7.52
WiFi ?????? ?????? -> ????????? ??????
2026-08-20 19:26:33,-604806,465.11,7.25
WiFi ?????? ?????? -> ????????? ??????
2026-08-20 19:31:33,-604777,465.77,7.12
WiFi ?????? ?????? -> ????????? ??????
2026-08-20 19:36:33,-604892,463.73,7.52
WiFi ?????? ?????? -> ????????? ??????
2026-08-20 19:41:33,-605026,463.56,7.56
WiFi ?????? ?????? -> ????????? ??????
2026-08-20 19:46:33,-604792,466.12,7.05
WiFi ?????? ?????? -> ????????? ??????
2026-08-20 19:51:33,-604784,466.67,6.94
WiFi ?????? ?????? -> ????????? ??????
2026-08-20 19:56:33,-604806,465.64,7.14
WiFi ?????? ?????? -> ????????? ??????
2026-08-20 20:01:33,-604887,463.94,7.48
WiFi ?????? ?????? -> ????????? ??????
2026-08-20 20:06:33,-605123,462.58,7.75
WiFi ?????? ?????? -> ????????? ??????
2026-08-20 20:11:33,-605115,463.25,7.62
WiFi ?????? ?????? -> ????????? ??????
2026-08-20 20:16:33,-605103,463.46,7.58
WiFi ?????? ?????? -> ????????? ??????
2026-08-20 20:21:33,-605194,462.57,7.76
WiFi ?????? ?????? -> ????????? ??????
2026-08-20 20:26:33,-605098,462.82,7.71
WiFi ?????? ?????? -> ????????? ??????
2026-08-20 20:31:33,-605055,462.43,7.78
WiFi ?????? ?????? -> ????????? ??????
2026-08-20 20:36:33,-605124,462.06,7.86
WiFi ?????? ?????? -> ????????? ??????
2026-08-20 20:41:33,-604963,464.63,7.34
WiFi ?????? ?????? -> ????????? ??????
2026-08-20 20:46:33,-605063,463.94,7.48
WiFi ?????? ?????? -> ????????? ??????
2026-08-20 20:51:33,-605058,463.79,7.51
WiFi ?????? ?????? -> ????????? ??????
2026-08-20 20:56:33,-604909,464.92,7.29
WiFi ?????? ?????? -> ????????? ??????
2026-08-20 21:01:33,-604844,464.97,7.28
WiFi ?????? ?????? -> ????????? ??????
2026-08-20 21:06:33,-604938,464.68,7.34
WiFi ?????? ?????? -> ????????? ??????
2026-08-20 21:11:33,-605027,462.46,7.78
WiFi ?????? ?????? -> ????????? ??????
2026-08-20 21:16:33,-605202,461.47,7.97
WiFi ?????? ?????? -> ????????? ??????
2026-08-20 21:21:33,-605271,460.33,8.20
WiFi ?????? ?????? -> ????????? ??????
2026-08-20 21:26:33,-605095,462.91,7.69
WiFi ?????? ?????? -> ????????? ??????
2026-08-20 21:31:33,-605140,462.24,7.82
WiFi ?????? ?????? -> ????????? ??????
2026-08-20 21:36:33,-605098,462.80,7.71
WiFi ?????? ?????? -> ????????? ??????
2026-08-20 21:41:33,-605266,461.36,8.00
WiFi ?????? ?????? -> ????????? ??????
2026-08-20 21:46:33,-605087,462.39,7.79
WiFi ?????? ?????? -> ????????? ??????
2026-08-20 21:51:33,-605157,462.83,7.70
WiFi ?????? ?????? -> ????????? ??????
2026-08-20 21:56:33,-605135,462.37,7.79
WiFi ?????? ?????? -> ????????? ??????
2026-08-20 22:01:33,-605296,461.00,8.07
WiFi ?????? ?????? -> ????????? ??????
2026-08-20 22:06:33,-605275,460.21,8.23
WiFi ?????? ?????? -> ????????? ??????
2026-08-20 22:11:33,-605293,460.43,8.18
WiFi ?????? ?????? -> ????????? ??????
2026-08-20 22:16:33,-605238,461.01,8.07
WiFi ?????? ?????? -> ????????? ??????
2026-08-20 22:21:33,-605350,459.50,8.37
WiFi ?????? ?????? -> ????????? ??????
2026-08-20 22:26:33,-605801,455.17,9.23
WiFi ?????? ?????? -> ????????? ??????
2026-08-20 22:31:33,-606040,451.70,9.92
WiFi ?????? ?????? -> ????????? ??????
2026-08-20 22:36:33,-606007,451.81,9.90
WiFi ?????? ?????? -> ????????? ??????
2026-08-20 22:41:33,-606144,450.52,10.16
WiFi ?????? ?????? -> ????????? ??????
2026-08-20 22:46:33,-606100,450.91,10.08
WiFi ?????? ?????? -> ????????? ??????
2026-08-20 22:51:33,-606265,449.56,10.35
WiFi ?????? ?????? -> ????????? ??????
2026-08-20 22:56:33,-606686,444.18,11.42
WiFi ?????? ?????? -> ????????? ??????
2026-08-20 23:01:33,-606275,449.80,10.30
WiFi ?????? ?????? -> ????????? ??????
2026-08-20 23:06:33,-606667,444.87,11.29
WiFi ?????? ?????? -> ????????? ??????
2026-08-20 23:11:33,-606700,444.24,11.41
WiFi ?????? ?????? -> ????????? ??????
2026-08-20 23:16:33,-606904,441.75,11.91
WiFi ?????? ?????? -> ????????? ??????
2026-08-20 23:21:33,-606631,445.12,11.24
WiFi ?????? ?????? -> ????????? ??????
2026-08-20 23:26:33,-606904,442.64,11.73
WiFi ?????? ?????? -> ????????? ??????
2026-08-20 23:31:33,-607094,440.36,12.18
WiFi ?????? ?????? -> ????????? ??????
2026-08-20 23:36:33,-607145,439.03,12.45
WiFi ?????? ?????? -> ????????? ??????
2026-08-20 23:41:33,-607082,439.78,12.30
WiFi ?????? ?????? -> ????????? ??????
2026-08-20 23:46:33,-607258,438.56,12.54
WiFi ?????? ?????? -> ????????? ??????
2026-08-20 23:51:33,-607217,437.54,12.75
WiFi ?????? ?????? -> ????????? ??????
2026-08-20 23:56:33,-607232,438.62,12.53
WiFi ?????? ?????? -> ????????? ??????
2026-08-21 00:01:33,-607374,436.34,12.99
WiFi ?????? ?????? -> ????????? ??????
2026-08-21 00:06:33,-607207,438.68,12.52
WiFi ?????? ?????? -> ????????? ??????
2026-08-21 00:11:33,-607381,436.55,12.94
WiFi ?????? ?????? -> ????????? ??????
2026-08-21 00:16:33,-607369,435.99,13.06
WiFi ?????? ?????? -> ????????? ??????
2026-08-21 00:21:33,-607718,433.37,13.58
WiFi ?????? ?????? -> ????????? ??????
2026-08-21 00:26:33,-607414,436.44,12.97
WiFi ?????? ?????? -> ????????? ??????
2026-08-21 00:31:33,-607893,431.57,13.94
WiFi ?????? ?????? -> ????????? ??????
2026-08-21 00:36:33,-607514,434.40,13.37
WiFi ?????? ?????? -> ????????? ??????
2026-08-21 00:41:33,-607584,434.44,13.37
WiFi ?????? ?????? -> ????????? ??????
2026-08-21 00:46:33,-607583,434.33,13.39
WiFi ?????? ?????? -> ????????? ??????
2026-08-21 00:51:33,-607534,435.34,13.19
WiFi ?????? ?????? -> ????????? ??????
2026-08-21 00:56:33,-607622,433.75,13.50
WiFi ?????? ?????? -> ????????? ??????
2026-08-21 01:01:33,-607718,433.72,13.51
WiFi ?????? ?????? -> ????????? ??????
2026-08-21 01:06:33,-607989,428.64,14.52
WiFi ?????? ?????? -> ????????? ??????
2026-08-21 01:11:33,-607681,433.05,13.64
WiFi ?????? ?????? -> ????????? ??????
2026-08-21 01:16:33,-607828,431.77,13.90
WiFi ?????? ?????? -> ????????? ??????
2026-08-21 01:21:33,-608091,429.17,14.42
WiFi ?????? ?????? -> ????????? ??????
2026-08-21 01:26:33,-607950,430.68,14.11
WiFi ?????? ?????? -> ????????? ??????
2026-08-21 01:31:33,-607858,430.98,14.05
WiFi ?????? ?????? -> ????????? ??????
2026-08-21 01:36:33,-608193,427.90,14.67
WiFi ?????? ?????? -> ????????? ??????
2026-08-21 01:41:33,-608218,427.03,14.84
WiFi ?????? ?????? -> ????????? ??????
2026-08-21 01:46:33,-608404,425.97,15.05
WiFi ?????? ?????? -> ????????? ??????
2026-08-21 01:51:33,-608177,427.14,14.82
WiFi ?????? ?????? -> ????????? ??????
2026-08-21 01:56:33,-608118,428.61,14.53
WiFi ?????? ?????? -> ????????? ??????
2026-08-21 02:01:33,-608106,428.46,14.56
WiFi ?????? ?????? -> ????????? ??????
2026-08-21 02:06:33,-608392,425.77,15.09
WiFi ?????? ?????? -> ????????? ??????
2026-08-21 02:11:33,-608272,426.14,15.02
WiFi ?????? ?????? -> ????????? ??????
2026-08-21 02:16:33,-608556,423.36,15.57
WiFi ?????? ?????? -> ????????? ??????
2026-08-21 02:21:33,-608465,425.18,15.21
WiFi ?????? ?????? -> ????????? ??????
2026-08-21 02:26:33,-608499,424.70,15.31
WiFi ?????? ?????? -> ????????? ??????
2026-08-21 02:31:33,-608639,421.67,15.91
WiFi ?????? ?????? -> ????????? ??????
2026-08-21 02:36:33,-608968,418.45,16.55
WiFi ?????? ?????? -> ????????? ??????
2026-08-21 02:41:33,-608402,424.06,15.44
WiFi ?????? ?????? -> ????????? ??????
2026-08-21 02:46:33,-608535,423.85,15.48
WiFi ?????? ?????? -> ????????? ??????
2026-08-21 02:51:33,-608357,425.60,15.13
WiFi ?????? ?????? -> ????????? ??????
2026-08-21 02:56:33,-608597,423.02,15.64
WiFi ?????? ?????? -> ????????? ??????
2026-08-21 03:01:33,-608830,421.48,15.95
WiFi ?????? ?????? -> ????????? ??????
2026-08-21 03:06:33,-608415,424.51,15.34
WiFi ?????? ?????? -> ????????? ??????
2026-08-21 03:11:33,-608782,420.21,16.20
WiFi ?????? ?????? -> ????????? ??????
2026-08-21 03:16:33,-608712,421.35,15.98
WiFi ?????? ?????? -> ????????? ??????
2026-08-21 03:21:33,-608528,424.38,15.37
WiFi ?????? ?????? -> ????????? ??????
2026-08-21 03:26:33,-608551,422.66,15.71
WiFi ?????? ?????? -> ????????? ??????
2026-08-21 03:31:33,-608545,423.31,15.58
WiFi ?????? ?????? -> ????????? ??????
2026-08-21 03:36:33,-608481,424.13,15.42
WiFi ?????? ?????? -> ????????? ??????
2026-08-21 03:41:33,-608996,418.34,16.58
WiFi ?????? ?????? -> ????????? ??????
2026-08-21 03:46:33,-608800,420.74,16.10
WiFi ?????? ?????? -> ????????? ??????
2026-08-21 03:51:33,-608704,421.07,16.03
WiFi ?????? ?????? -> ????????? ??????
2026-08-21 03:56:33,-608766,421.40,15.97
WiFi ?????? ?????? -> ????????? ??????
2026-08-21 04:01:33,-608663,421.64,15.92
WiFi ?????? ?????? -> ????????? ??????
2026-08-21 04:06:33,-608820,421.12,16.02
WiFi ?????? ?????? -> ????????? ??????
2026-08-21 04:11:33,-608665,421.88,15.87
WiFi ?????? ?????? -> ????????? ??????
2026-08-21 04:16:33,-608916,419.44,16.36
WiFi ?????? ?????? -> ????????? ??????
2026-08-21 04:21:33,-608770,420.76,16.09
WiFi ?????? ?????? -> ????????? ??????
2026-08-21 04:26:33,-609020,418.40,16.56
WiFi ?????? ?????? -> ????????? ??????
2026-08-21 04:31:33,-608994,417.63,16.72
WiFi ?????? ?????? -> ????????? ??????
2026-08-21 04:36:33,-608948,419.38,16.37
WiFi ?????? ?????? -> ????????? ??????
2026-08-21 04:41:33,-609266,415.66,17.11
WiFi ?????? ?????? -> ????????? ??????
2026-08-21 04:46:33,-609079,416.57,16.93
WiFi ?????? ?????? -> ????????? ??????
2026-08-21 04:51:33,-609058,417.91,16.66
WiFi ?????? ?????? -> ????????? ??????
2026-08-21 04:56:33,-608980,418.41,16.56
WiFi ?????? ?????? -> ????????? ??????
2026-08-21 05:01:33,-609054,417.41,16.76
WiFi ?????? ?????? -> ????????? ??????
2026-08-21 05:06:33,-609119,416.47,16.95
WiFi ?????? ?????? -> ????????? ??????
2026-08-21 05:11:33,-609264,416.21,17.00
WiFi ?????? ?????? -> ????????? ??????
2026-08-21 05:16:33,-609163,415.55,17.13
WiFi ?????? ?????? -> ????????? ??????
2026-08-21 05:21:33,-609513,412.39,17.76
WiFi ?????? ?????? -> ????????? ??????
2026-08-21 05:26:33,-609222,3783.16,-654.43
WiFi ?????? ?????? -> ????????? ??????
2026-08-21 05:31:33,-609374,414.76,17.29
WiFi ?????? ?????? -> ????????? ??????
2026-08-21 05:36:33,-609070,417.32,16.78
WiFi ?????? ?????? -> ????????? ??????
2026-08-21 05:41:33,-609323,414.96,17.25
WiFi ?????? ?????? -> ????????? ??????
2026-08-21 05:46:33,-609232,415.79,17.08
WiFi ?????? ?????? -> ????????? ??????
2026-08-21 05:51:33,-609255,415.11,17.22
WiFi ?????? ?????? -> ????????? ??????
2026-08-21 05:56:33,-609375,414.43,17.36
WiFi ?????? ?????? -> ????????? ??????
2026-08-21 06:01:33,-609582,412.38,17.76
WiFi ?????? ?????? -> ????????? ??????
2026-08-21 06:06:33,-609534,412.71,17.70
WiFi ?????? ?????? -> ????????? ??????
2026-08-21 06:11:33,-609547,411.76,17.89
WiFi ?????? ?????? -> ????????? ??????
2026-08-21 06:16:33,-609382,414.35,17.37
WiFi ?????? ?????? -> ????????? ??????
2026-08-21 06:21:33,-609534,411.71,17.90
WiFi ?????? ?????? -> ????????? ??????
2026-08-21 06:26:33,-609304,415.07,17.23
WiFi ?????? ?????? -> ????????? ??????
2026-08-21 06:31:33,-608323,413.42,17.56
WiFi ?????? ?????? -> ????????? ??????
2026-08-21 06:36:33,-609596,412.20,17.80
WiFi ?????? ?????? -> ????????? ??????
2026-08-21 06:41:33,-609195,416.23,17.00
WiFi ?????? ?????? -> ????????? ??????
2026-08-21 06:46:33,-609682,410.21,18.20
WiFi ?????? ?????? -> ????????? ??????
2026-08-21 06:51:33,-609646,411.33,17.97
WiFi ?????? ?????? -> ????????? ??????
2026-08-21 06:56:33,-609271,414.89,17.26
WiFi ?????? ?????? -> ????????? ??????
2026-08-21 07:01:33,-609420,413.42,17.56
WiFi ?????? ?????? -> ????????? ??????
2026-08-21 07:06:33,-609507,412.50,17.74
WiFi ?????? ?????? -> ????????? ??????
2026-08-21 07:11:33,-609315,414.28,17.38
WiFi ?????? ?????? -> ????????? ??????
2026-08-21 07:16:33,-609213,415.49,17.14
WiFi ?????? ?????? -> ????????? ??????
2026-08-21 07:21:33,-609757,410.66,18.11
WiFi ?????? ?????? -> ????????? ??????
2026-08-21 07:26:33,-609358,414.50,17.34
WiFi ?????? ?????? -> ????????? ??????
2026-08-21 07:31:33,-609780,409.74,18.29
WiFi ?????? ?????? -> ????????? ??????
2026-08-21 07:36:33,-609411,413.82,17.48
WiFi ?????? ?????? -> ????????? ??????
2026-08-21 07:41:33,-609492,412.96,17.65
WiFi ?????? ?????? -> ????????? ??????
2026-08-21 07:46:33,-609593,411.34,17.97
WiFi ?????? ?????? -> ????????? ??????
2026-08-21 07:51:33,-609426,413.32,17.58
WiFi ?????? ?????? -> ????????? ??????
2026-08-21 07:56:33,-609543,412.54,17.73
WiFi ?????? ?????? -> ????????? ??????
2026-08-21 08:01:33,-609498,412.49,17.74
WiFi ?????? ?????? -> ????????? ??????
2026-08-21 08:06:33,-609677,410.67,18.10
WiFi ?????? ?????? -> ????????? ??????
2026-08-21 08:11:33,-609710,410.19,18.20
WiFi ?????? ?????? -> ????????? ??????
2026-08-21 08:16:33,-609604,411.89,17.86
WiFi ?????? ?????? -> ????????? ??????
2026-08-21 08:21:33,-609411,413.56,17.53
WiFi ?????? ?????? -> ????????? ??????
2026-08-21 08:26:33,-609807,409.10,18.42
WiFi ?????? ?????? -> ????????? ??????
2026-08-21 08:31:33,-609652,410.28,18.18
WiFi ?????? ?????? -> ????????? ??????
2026-08-21 08:36:33,-609660,411.23,17.99
WiFi ?????? ?????? -> ????????? ??????
2026-08-21 08:41:33,-609779,409.63,18.31
WiFi ?????? ?????? -> ????????? ??????
2026-08-21 08:46:33,-609537,412.42,17.76
WiFi ?????? ?????? -> ????????? ??????
2026-08-21 08:51:33,-609857,407.75,18.69
WiFi ?????? ?????? -> ????????? ??????
2026-08-21 08:56:33,-609608,410.85,18.07
WiFi ?????? ?????? -> ????????? ??????
2026-08-21 09:01:33,-609865,408.82,18.47
WiFi ?????? ?????? -> ????????? ??????
2026-08-21 09:06:33,-609693,410.48,18.14
WiFi ?????? ?????? -> ????????? ??????
2026-08-21 09:11:33,-610084,406.84,18.87
WiFi ?????? ?????? -> ????????? ??????
2026-08-21 09:16:33,-609807,408.77,18.48
WiFi ?????? ?????? -> ????????? ??????
2026-08-21 09:21:33,-610109,406.97,18.84
WiFi ?????? ?????? -> ????????? ??????
2026-08-21 09:26:33,-609743,409.94,18.25
WiFi ?????? ?????? -> ????????? ??????
2026-08-21 09:31:33,-609556,412.37,17.77
WiFi ?????? ?????? -> ????????? ??????
2026-08-21 09:36:33,-609977,407.38,18.76
WiFi ?????? ?????? -> ????????? ??????
2026-08-21 09:41:33,-609904,407.55,18.73
WiFi ?????? ?????? -> ????????? ??????
2026-08-21 09:46:33,-609827,408.69,18.50
WiFi ?????? ?????? -> ????????? ??????
2026-08-21 09:51:33,-609737,410.15,18.21
WiFi ?????? ?????? -> ????????? ??????
2026-08-21 09:56:33,-609836,408.63,18.51
WiFi ?????? ?????? -> ????????? ??????
2026-08-21 10:01:33,-609904,407.91,18.66
WiFi ?????? ?????? -> ????????? ??????
2026-08-21 10:06:33,-610170,404.97,19.24
WiFi ?????? ?????? -> ????????? ??????
2026-08-21 10:11:33,-609845,408.57,18.52
WiFi ?????? ?????? -> ????????? ??????
2026-08-21 10:16:33,-610012,406.94,18.85
WiFi ?????? ?????? -> ????????? ??????
2026-08-21 10:21:33,-609878,408.05,18.63
WiFi ?????? ?????? -> ????????? ??????
2026-08-21 10:26:33,-609926,407.21,18.80
WiFi ?????? ?????? -> ????????? ??????
2026-08-21 10:31:33,-610019,406.70,18.90
WiFi ?????? ?????? -> ????????? ??????
2026-08-21 10:36:33,-610221,405.07,19.22
WiFi ?????? ?????? -> ????????? ??????
2026-08-21 10:41:33,-609910,408.19,18.60
WiFi ?????? ?????? -> ????????? ??????
2026-08-21 10:46:33,-609787,409.19,18.40
WiFi ?????? ?????? -> ????????? ??????
2026-08-21 10:51:33,-609983,407.04,18.83
WiFi ?????? ?????? -> ????????? ??????
2026-08-21 10:56:33,-610130,405.43,19.15
WiFi ?????? ?????? -> ????????? ??????
2026-08-21 11:01:33,-609884,407.02,18.83
WiFi ?????? ?????? -> ????????? ??????
2026-08-21 11:06:33,-610164,405.32,19.17
WiFi ?????? ?????? -> ????????? ??????
2026-08-21 11:11:33,-610139,405.66,19.10
WiFi ?????? ?????? -> ????????? ??????
2026-08-21 11:16:33,-609831,409.12,18.41
WiFi ?????? ?????? -> ????????? ??????
2026-08-21 11:21:33,-610065,406.22,18.99
WiFi ?????? ?????? -> ????????? ??????
2026-08-21 11:26:33,-610041,405.41,19.15
WiFi ?????? ?????? -> ????????? ??????
2026-08-21 11:31:33,-610154,405.52,19.13
WiFi ?????? ?????? -> ????????? ??????
2026-08-21 11:36:33,-610124,405.65,19.11
WiFi ?????? ?????? -> ????????? ??????
2026-08-21 11:41:33,-610322,403.78,19.48
WiFi ?????? ?????? -> ????????? ??????
2026-08-21 11:46:33,-610232,405.33,19.17
WiFi ?????? ?????? -> ????????? ??????
2026-08-21 11:51:33,-609871,408.23,18.59
WiFi ?????? ?????? -> ????????? ??????
2026-08-21 11:56:33,-609986,407.24,18.79
WiFi ?????? ?????? -> ????????? ??????
2026-08-21 12:01:33,-609858,408.30,18.58
WiFi ?????? ?????? -> ????????? ??????
2026-08-21 12:06:33,-609990,407.46,18.75
WiFi ?????? ?????? -> ????????? ??????
2026-08-21 12:11:33,-609952,407.51,18.74
WiFi ?????? ?????? -> ????????? ??????
2026-08-21 12:16:33,-610021,406.59,18.92
WiFi ?????? ?????? -> ????????? ??????
2026-08-21 12:21:33,-609864,408.35,18.57
WiFi ?????? ?????? -> ????????? ??????
2026-08-21 12:26:33,-609878,408.83,18.47
WiFi ?????? ?????? -> ????????? ??????
2026-08-21 12:31:33,-610245,404.30,19.38
WiFi ?????? ?????? -> ????????? ??????
2026-08-21 12:36:33,-610066,405.43,19.15
WiFi ?????? ?????? -> ????????? ??????
2026-08-21 12:41:33,-610006,406.78,18.88
WiFi ?????? ?????? -> ????????? ??????
2026-08-21 12:46:33,-609863,408.93,18.45
WiFi ?????? ?????? -> ????????? ??????
2026-08-21 12:51:33,-609721,409.95,18.25
WiFi ?????? ?????? -> ????????? ??????
