session_id,label,idx,loop_r_ohm,mq2_raw,temp_c,humidity_pct
incense_01,incense,0,269.7,8299,25.1,62.3
incense_01,incense,1,269.5,8301,25.1,62.6
incense_01,incense,2,269.6,9092,25.1,62.6
incense_01,incense,3,269.6,10076,25.1,62.8
incense_01,incense,4,269.6,10602,25.1,63.3
incense_01,incense,5,269.6,10700,25.1,63.8
incense_01,incense,6,269.5,11272,25.2,64.0
incense_01,incense,7,269.5,11047,25.2,63.8
incense_01,incense,8,269.5,10975,25.3,63.6
incense_01,incense,9,269.4,10830,25.3,63.6
incense_01,incense,10,269.4,10788,25.4,63.1
incense_01,incense,11,269.5,10671,25.4,63.0
incense_01,incense,12,269.2,10501,25.4,63.3
incense_01,incense,13,269.2,10388,25.4,63.3
incense_01,incense,14,269.1,10258,25.5,63.6
incense_01,incense,15,269.0,10167,25.5,64.1
incense_01,incense,16,269.0,10079,25.6,65.1
incense_01,incense,17,269.1,10033,25.6,64.7
incense_01,incense,18,269.0,10190,25.7,64.6
incense_01,incense,19,269.1,10093,25.8,64.5
incense_01,incense,20,269.1,11129,25.9,64.2
incense_01,incense,21,269.0,10927,26.0,64.0
incense_01,incense,22,269.1,10731,26.1,63.6
incense_01,incense,23,269.1,10609,26.1,63.0
incense_01,incense,24,269.1,10456,26.2,63.2
incense_01,incense,25,269.1,10333,26.3,63.2
incense_01,incense,26,269.1,10229,26.4,62.6
incense_01,incense,27,269.1,10141,26.5,61.9
incense_02,incense,0,267.5,8247,27.1,57.2
incense_02,incense,1,267.5,8259,27.1,57.1
incense_02,incense,2,267.4,8276,27.2,56.9
incense_02,incense,3,267.3,8617,27.2,56.8
incense_02,incense,4,267.4,9039,27.2,56.9
incense_02,incense,5,267.3,8937,27.2,57.0
incense_02,incense,6,267.3,8863,27.3,56.9
incense_02,incense,7,267.4,8808,27.3,56.7
incense_02,incense,8,267.3,8818,27.3,56.7
incense_02,incense,9,267.3,8768,27.3,56.5
incense_02,incense,10,267.3,8727,27.4,56.5
incense_02,incense,11,267.2,8719,27.3,56.2
incense_02,incense,12,267.3,9280,27.4,56.1
incense_02,incense,13,267.2,9204,27.4,56.2
incense_02,incense,14,267.2,9201,27.4,56.1
incense_02,incense,15,267.2,9112,27.4,55.9
incense_02,incense,16,267.3,9041,27.4,55.9
incense_02,incense,17,267.3,8988,27.4,55.9
incense_03,incense,0,267.2,8237,27.5,55.2
incense_03,incense,1,267.3,8230,27.5,55.2
incense_03,incense,2,267.2,8229,27.5,55.2
incense_03,incense,3,267.1,8251,27.5,55.2
incense_03,incense,4,267.1,8363,27.5,55.2
incense_03,incense,5,267.1,8355,27.5,55.3
incense_03,incense,6,267.1,8336,27.5,55.3
incense_03,incense,7,267.2,8301,27.5,55.2
incense_03,incense,8,267.1,8856,27.5,55.4
incense_03,incense,9,267.2,9776,27.5,55.2
incense_03,incense,10,267.1,9952,27.5,56.1
incense_03,incense,11,267.1,9719,27.5,56.2
incense_03,incense,12,267.1,9668,27.5,56.2
incense_03,incense,13,267.1,10745,27.5,56.1
incense_03,incense,14,267.1,10737,27.5,56.4
incense_03,incense,15,267.1,10507,27.5,56.4
incense_04,incense,0,267.5,8238,26.8,57.2
incense_04,incense,1,267.5,8233,26.7,57.1
incense_04,incense,2,267.7,8220,26.7,57.2
incense_04,incense,3,267.6,8206,26.8,57.2
incense_04,incense,4,267.6,8193,26.8,57.4
incense_04,incense,5,267.9,8173,26.8,57.4
incense_04,incense,6,267.7,8163,26.8,57.5
incense_04,incense,7,267.7,8163,26.8,57.3
incense_04,incense,8,267.8,8157,26.8,57.3
incense_04,incense,9,267.7,8217,26.8,57.4
incense_04,incense,10,267.7,8196,26.8,57.5
incense_04,incense,11,267.7,8192,26.8,57.8
incense_04,incense,12,267.7,8263,26.9,57.8
incense_04,incense,13,267.6,8427,26.9,58.2
incense_04,incense,14,267.6,8413,27.0,59.0
incense_04,incense,15,267.6,8586,27.0,59.7
incense_04,incense,16,267.6,9217,27.0,60.0
incense_04,incense,17,267.5,9355,27.1,60.4
incense_04,incense,18,267.5,10240,27.2,60.1
incense_04,incense,19,267.5,11351,27.3,59.6
incense_04,incense,20,267.5,12336,27.4,59.1
incense_04,incense,21,267.4,12173,27.4,59.1
incense_04,incense,22,267.4,11857,27.5,58.7
incense_04,incense,23,267.4,11627,27.5,58.1
incense_05,incense,0,268.3,8221,27.0,57.4
incense_05,incense,1,268.4,8214,27.1,57.4
incense_05,incense,2,268.4,8210,27.1,57.3
incense_05,incense,3,268.4,8222,27.1,57.3
incense_05,incense,4,268.3,8237,27.1,57.3
incense_05,incense,5,268.3,8616,27.1,57.3
incense_05,incense,6,268.3,9504,27.1,57.3
incense_05,incense,7,268.2,10049,27.1,57.6
incense_05,incense,8,268.2,10160,27.1,58.0
incense_05,incense,9,268.2,10555,27.2,57.9
incense_05,incense,10,268.1,10285,27.2,57.6
incense_05,incense,11,268.0,10532,27.2,57.6
incense_05,incense,12,268.0,10737,27.3,57.5
incense_06,incense,0,267.3,8233,27.0,57.0
incense_06,incense,1,267.3,8227,27.0,57.2
incense_06,incense,2,267.3,8220,27.0,57.1
incense_06,incense,3,267.4,8209,27.0,57.1
incense_06,incense,4,267.5,9469,27.0,57.0
incense_06,incense,5,267.4,9978,26.9,57.0
incense_06,incense,6,267.4,9746,27.0,57.0
incense_06,incense,7,267.4,9696,27.0,58.0
incense_06,incense,8,267.4,10513,27.0,58.1
incense_06,incense,9,267.4,10381,27.0,57.9
incense_06,incense,10,267.4,10277,27.0,58.2
incense_06,incense,11,267.4,10076,27.1,58.4
incense_06,incense,12,267.5,10113,27.1,58.1
incense_06,incense,13,267.4,9945,27.1,57.8
incense_07,incense,0,267.5,8258,27.0,56.4
incense_07,incense,1,267.4,8252,27.0,56.5
incense_07,incense,2,267.5,8239,27.0,56.5
incense_07,incense,3,267.5,8323,27.0,56.4
incense_07,incense,4,267.4,12959,27.0,56.5
incense_07,incense,5,267.5,14343,27.0,56.7
incense_07,incense,6,267.5,14630,27.0,56.6
incense_07,incense,7,267.5,14560,27.0,56.6
incense_07,incense,8,267.5,14418,27.1,57.2
incense_07,incense,9,267.5,14766,27.0,57.8
incense_07,incense,10,267.5,14888,27.1,58.2
incense_07,incense,11,267.5,14961,27.1,58.1
incense_07,incense,12,267.5,15285,27.2,57.9
incense_07,incense,13,267.5,15161,27.2,57.7
incense_08,incense,0,267.2,8315,26.8,56.6
incense_08,incense,1,267.2,8322,26.8,56.5
incense_08,incense,2,267.1,8327,26.8,56.3
incense_08,incense,3,267.2,8353,26.8,56.2
incense_08,incense,4,267.2,8542,26.8,56.2
incense_08,incense,5,267.2,8754,26.8,56.2
incense_08,incense,6,267.1,9549,26.8,56.1
incense_08,incense,7,267.1,9416,26.8,56.2
incense_08,incense,8,267.1,9367,26.8,56.2
incense_08,incense,9,267.1,9305,26.8,56.1
incense_08,incense,10,267.1,9280,26.8,56.0
incense_08,incense,11,267.2,9562,26.8,56.0
incense_08,incense,12,267.2,9616,26.8,55.9
incense_08,incense,13,267.2,9586,26.8,55.9
incense_09,incense,0,267.0,8125,26.3,56.5
incense_09,incense,1,267.0,8114,26.3,56.4
incense_09,incense,2,266.9,8501,26.3,56.4
incense_09,incense,3,266.9,9454,26.3,56.5
incense_09,incense,4,267.0,10941,26.3,57.2
incense_09,incense,5,267.0,10747,26.3,57.2
incense_09,incense,6,267.0,10674,26.3,57.2
incense_09,incense,7,266.9,10710,26.3,57.4
incense_09,incense,8,266.9,10781,26.4,57.8
incense_09,incense,9,266.7,11753,26.4,59.9
incense_09,incense,10,266.7,12260,26.5,60.1
incense_09,incense,11,266.8,12099,26.6,59.5
incense_09,incense,12,266.9,12414,26.7,58.8
incense_10,incense,0,266.7,7894,26.2,55.6
incense_10,incense,1,266.6,8474,26.2,55.6
incense_10,incense,2,266.7,10716,26.2,57.4
incense_10,incense,3,266.6,10605,26.3,58.6
incense_10,incense,4,266.7,10572,26.3,58.6
incense_10,incense,5,266.6,10357,26.4,58.4
incense_10,incense,6,266.7,10144,26.4,58.0
incense_10,incense,7,266.7,10454,26.5,57.6
incense_10,incense,8,266.7,10247,26.5,57.2
incense_10,incense,9,266.7,10082,26.6,57.3
incense_10,incense,10,266.7,9971,26.6,57.2
incense_10,incense,11,266.8,9954,26.7,57.2
incense_10,incense,12,266.7,10017,26.7,56.8
