seq,label,condition,rms_mA,peak_mA,duty_cycle,source_file
1,normal,valve_full_open,234.28,398.3,0.66,normal_valve_full_open.csv
2,normal,valve_full_open,253.72,408.0,0.74,normal_valve_full_open.csv
3,normal,valve_full_open,243.8,409.9,0.68,normal_valve_full_open.csv
4,normal,valve_full_open,246.08,404.1,0.72,normal_valve_full_open.csv
5,normal,valve_full_open,253.81,407.1,0.74,normal_valve_full_open.csv
6,normal,valve_full_open,253.95,409.5,0.76,normal_valve_full_open.csv
7,normal,valve_full_open,253.44,407.4,0.73,normal_valve_full_open.csv
8,normal,valve_full_open,241.86,410.2,0.7,normal_valve_full_open.csv
9,normal,valve_full_open,240.97,404.3,0.69,normal_valve_full_open.csv
10,normal,valve_full_open,248.65,410.4,0.72,normal_valve_full_open.csv
11,normal,valve_full_open,253.91,409.3,0.74,normal_valve_full_open.csv
12,normal,valve_full_open,254.41,407.6,0.74,normal_valve_full_open.csv
13,normal,valve_full_open,251.89,403.5,0.73,normal_valve_full_open.csv
14,normal,valve_full_open,255.11,410.1,0.74,normal_valve_full_open.csv
15,normal,valve_full_open,248.81,408.2,0.72,normal_valve_full_open.csv
16,normal,valve_full_open,251.94,407.4,0.73,normal_valve_full_open.csv
17,normal,valve_full_open,245.73,407.6,0.71,normal_valve_full_open.csv
18,normal,valve_full_open,249.24,409.1,0.72,normal_valve_full_open.csv
19,normal,valve_full_open,244.3,401.5,0.7,normal_valve_full_open.csv
20,normal,valve_full_open,251.08,408.0,0.71,normal_valve_full_open.csv
21,normal,valve_full_open,250.18,390.5,0.71,normal_valve_full_open.csv
22,normal,valve_full_open,246.34,409.7,0.66,normal_valve_full_open.csv
23,normal,valve_full_open,249.08,407.4,0.71,normal_valve_full_open.csv
24,normal,valve_full_open,246.31,409.3,0.69,normal_valve_full_open.csv
25,normal,valve_full_open,250.07,410.6,0.7,normal_valve_full_open.csv
26,normal,valve_full_open,246.0,411.0,0.71,normal_valve_full_open.csv
27,normal,valve_full_open,237.73,404.5,0.69,normal_valve_full_open.csv
28,normal,valve_full_open,242.06,406.0,0.69,normal_valve_full_open.csv
29,normal,valve_full_open,247.34,410.1,0.72,normal_valve_full_open.csv
30,normal,valve_full_open,259.71,399.1,0.81,normal_valve_full_open.csv
31,normal,valve_full_open,257.48,408.8,0.75,normal_valve_full_open.csv
32,normal,valve_full_open,255.66,405.6,0.76,normal_valve_full_open.csv
33,normal,valve_full_open,249.62,408.6,0.72,normal_valve_full_open.csv
34,normal,valve_full_open,239.7,411.7,0.67,normal_valve_full_open.csv
35,normal,valve_full_open,246.67,407.6,0.71,normal_valve_full_open.csv
36,normal,valve_full_open,256.95,410.1,0.79,normal_valve_full_open.csv
37,normal,valve_full_open,258.71,407.8,0.77,normal_valve_full_open.csv
38,normal,valve_full_open,250.25,405.4,0.75,normal_valve_full_open.csv
39,normal,valve_full_open,247.33,409.5,0.74,normal_valve_full_open.csv
40,normal,valve_full_open,230.97,404.8,0.65,normal_valve_full_open.csv
41,normal,valve_full_open,233.99,407.6,0.64,normal_valve_full_open.csv
42,normal,valve_full_open,260.19,401.9,0.77,normal_valve_full_open.csv
43,normal,valve_full_open,253.7,409.5,0.76,normal_valve_full_open.csv
44,normal,valve_full_open,246.46,406.5,0.73,normal_valve_full_open.csv
45,normal,valve_full_open,233.2,406.1,0.66,normal_valve_full_open.csv
46,normal,valve_full_open,232.6,401.5,0.71,normal_valve_full_open.csv
47,normal,valve_full_open,230.44,398.9,0.7,normal_valve_full_open.csv
48,normal,valve_full_open,236.16,407.3,0.67,normal_valve_full_open.csv
49,normal,valve_full_open,232.43,398.9,0.69,normal_valve_full_open.csv
50,normal,valve_full_open,238.73,397.6,0.7,normal_valve_full_open.csv
51,normal,valve_full_open,240.62,405.4,0.71,normal_valve_full_open.csv
52,normal,valve_full_open,248.34,409.7,0.72,normal_valve_full_open.csv
53,normal,valve_full_open,252.78,388.8,0.74,normal_valve_full_open.csv
54,normal,valve_full_open,261.37,408.9,0.77,normal_valve_full_open.csv
55,normal,valve_full_open,256.53,405.4,0.75,normal_valve_full_open.csv
56,normal,valve_full_open,246.81,409.3,0.7,normal_valve_full_open.csv
57,normal,valve_full_open,238.0,406.3,0.67,normal_valve_full_open.csv
58,normal,valve_full_open,230.63,390.7,0.69,normal_valve_full_open.csv
59,normal,valve_full_open,236.13,397.6,0.68,normal_valve_full_open.csv
60,normal,valve_full_open,232.53,407.6,0.69,normal_valve_full_open.csv
61,normal,valve_full_open,234.91,405.6,0.65,normal_valve_full_open.csv
62,normal,valve_full_open,233.97,403.3,0.7,normal_valve_full_open.csv
63,normal,valve_full_open,240.87,408.6,0.71,normal_valve_full_open.csv
64,normal,valve_full_open,242.69,407.8,0.68,normal_valve_full_open.csv
65,normal,valve_full_open,244.29,405.4,0.71,normal_valve_full_open.csv
66,normal,valve_full_open,241.11,401.5,0.67,normal_valve_full_open.csv
67,normal,valve_full_open,248.62,409.1,0.68,normal_valve_full_open.csv
68,normal,valve_full_open,248.79,408.0,0.72,normal_valve_full_open.csv
69,normal,valve_full_open,245.87,402.0,0.7,normal_valve_full_open.csv
70,normal,valve_full_open,237.3,405.8,0.7,normal_valve_full_open.csv
71,normal,valve_full_open,231.38,405.6,0.65,normal_valve_full_open.csv
72,normal,valve_full_open,237.56,398.5,0.73,normal_valve_full_open.csv
73,normal,valve_full_open,249.25,405.6,0.7,normal_valve_full_open.csv
74,normal,valve_full_open,255.74,403.9,0.76,normal_valve_full_open.csv
75,normal,valve_full_open,233.2,405.0,0.7,normal_valve_full_open.csv
76,normal,valve_full_open,237.53,400.7,0.67,normal_valve_full_open.csv
77,normal,valve_full_open,250.65,400.0,0.69,normal_valve_full_open.csv
78,normal,valve_full_open,255.89,406.9,0.77,normal_valve_full_open.csv
79,normal,valve_full_open,224.79,408.6,0.61,normal_valve_full_open.csv
1,low_flow,6.5V,113.84,180.2,0.94,low_flow_6.5V.csv
2,low_flow,6.5V,128.38,192.9,0.83,low_flow_6.5V.csv
3,low_flow,6.5V,129.27,194.4,0.82,low_flow_6.5V.csv
4,low_flow,6.5V,128.14,191.6,0.87,low_flow_6.5V.csv
5,low_flow,6.5V,128.16,190.5,0.83,low_flow_6.5V.csv
6,low_flow,6.5V,126.59,194.0,0.83,low_flow_6.5V.csv
7,low_flow,6.5V,127.63,192.2,0.86,low_flow_6.5V.csv
8,low_flow,6.5V,126.01,192.7,0.84,low_flow_6.5V.csv
9,low_flow,6.5V,126.42,189.6,0.83,low_flow_6.5V.csv
10,low_flow,6.5V,125.73,190.3,0.83,low_flow_6.5V.csv
11,low_flow,6.5V,127.38,192.5,0.82,low_flow_6.5V.csv
12,low_flow,6.5V,127.1,192.5,0.83,low_flow_6.5V.csv
13,low_flow,6.5V,129.21,191.6,0.83,low_flow_6.5V.csv
14,low_flow,6.5V,126.62,195.9,0.85,low_flow_6.5V.csv
15,low_flow,6.5V,125.26,191.4,0.82,low_flow_6.5V.csv
16,low_flow,6.5V,128.36,191.8,0.82,low_flow_6.5V.csv
17,low_flow,6.5V,127.53,192.7,0.8,low_flow_6.5V.csv
18,low_flow,6.5V,128.64,192.5,0.83,low_flow_6.5V.csv
19,low_flow,6.5V,129.29,196.3,0.84,low_flow_6.5V.csv
20,low_flow,6.5V,125.13,190.9,0.78,low_flow_6.5V.csv
21,low_flow,6.5V,128.93,191.6,0.85,low_flow_6.5V.csv
22,low_flow,6.5V,126.8,191.4,0.86,low_flow_6.5V.csv
23,low_flow,6.5V,125.96,193.1,0.83,low_flow_6.5V.csv
24,low_flow,6.5V,125.42,191.8,0.78,low_flow_6.5V.csv
25,low_flow,6.5V,125.72,192.9,0.82,low_flow_6.5V.csv
26,low_flow,6.5V,127.73,194.2,0.81,low_flow_6.5V.csv
27,low_flow,6.5V,129.27,193.5,0.85,low_flow_6.5V.csv
28,low_flow,6.5V,127.31,191.0,0.83,low_flow_6.5V.csv
29,low_flow,6.5V,126.94,193.1,0.83,low_flow_6.5V.csv
30,low_flow,6.5V,128.64,191.0,0.84,low_flow_6.5V.csv
31,low_flow,6.5V,124.55,193.1,0.83,low_flow_6.5V.csv
32,low_flow,6.5V,124.5,188.3,0.81,low_flow_6.5V.csv
33,low_flow,6.5V,125.57,192.0,0.81,low_flow_6.5V.csv
34,low_flow,6.5V,126.17,192.7,0.82,low_flow_6.5V.csv
35,low_flow,6.5V,126.78,187.7,0.83,low_flow_6.5V.csv
36,low_flow,6.5V,126.58,191.8,0.83,low_flow_6.5V.csv
37,low_flow,6.5V,126.68,190.9,0.82,low_flow_6.5V.csv
38,low_flow,6.5V,127.39,190.5,0.85,low_flow_6.5V.csv
39,low_flow,6.5V,127.86,193.8,0.85,low_flow_6.5V.csv
40,low_flow,6.5V,126.35,190.7,0.83,low_flow_6.5V.csv
41,low_flow,6.5V,127.12,191.4,0.87,low_flow_6.5V.csv
42,low_flow,6.5V,129.4,195.0,0.85,low_flow_6.5V.csv
43,low_flow,6.5V,123.3,191.0,0.8,low_flow_6.5V.csv
44,low_flow,6.5V,127.48,189.9,0.85,low_flow_6.5V.csv
45,low_flow,6.5V,128.02,193.7,0.83,low_flow_6.5V.csv
46,low_flow,6.5V,126.58,194.0,0.8,low_flow_6.5V.csv
47,low_flow,6.5V,127.82,194.2,0.84,low_flow_6.5V.csv
48,low_flow,6.5V,127.09,194.4,0.83,low_flow_6.5V.csv
49,low_flow,6.5V,127.03,192.0,0.81,low_flow_6.5V.csv
50,low_flow,6.5V,128.32,194.2,0.84,low_flow_6.5V.csv
51,low_flow,6.5V,127.18,191.4,0.84,low_flow_6.5V.csv
52,low_flow,6.5V,127.35,194.6,0.83,low_flow_6.5V.csv
53,low_flow,6.5V,128.35,195.1,0.8,low_flow_6.5V.csv
54,low_flow,6.5V,127.21,191.0,0.82,low_flow_6.5V.csv
55,low_flow,6.5V,129.1,194.2,0.85,low_flow_6.5V.csv
56,low_flow,6.5V,127.31,192.2,0.83,low_flow_6.5V.csv
57,low_flow,6.5V,127.67,192.4,0.83,low_flow_6.5V.csv
58,low_flow,6.5V,128.29,192.2,0.81,low_flow_6.5V.csv
59,low_flow,6.5V,126.77,193.3,0.83,low_flow_6.5V.csv
60,low_flow,6.5V,126.26,188.8,0.83,low_flow_6.5V.csv
61,low_flow,6.5V,127.38,191.8,0.85,low_flow_6.5V.csv
62,low_flow,6.5V,126.0,190.1,0.79,low_flow_6.5V.csv
63,low_flow,6.5V,123.29,187.3,0.82,low_flow_6.5V.csv
64,low_flow,6.5V,125.67,193.3,0.79,low_flow_6.5V.csv
65,low_flow,6.5V,125.24,190.9,0.81,low_flow_6.5V.csv
66,low_flow,6.5V,127.22,192.5,0.85,low_flow_6.5V.csv
67,low_flow,6.5V,127.76,194.6,0.85,low_flow_6.5V.csv
68,low_flow,6.5V,128.43,192.0,0.84,low_flow_6.5V.csv
69,low_flow,6.5V,126.22,190.7,0.81,low_flow_6.5V.csv
70,low_flow,6.5V,126.1,192.0,0.81,low_flow_6.5V.csv
71,low_flow,6.5V,127.14,194.2,0.82,low_flow_6.5V.csv
72,low_flow,6.5V,127.85,187.1,0.84,low_flow_6.5V.csv
73,low_flow,6.5V,127.23,192.2,0.83,low_flow_6.5V.csv
74,low_flow,6.5V,127.09,188.4,0.84,low_flow_6.5V.csv
75,low_flow,6.5V,127.62,191.6,0.82,low_flow_6.5V.csv
76,low_flow,6.5V,129.11,194.4,0.84,low_flow_6.5V.csv
77,low_flow,6.5V,126.47,189.6,0.83,low_flow_6.5V.csv
78,low_flow,6.5V,126.55,187.9,0.83,low_flow_6.5V.csv
79,low_flow,6.5V,125.67,193.3,0.8,low_flow_6.5V.csv
1,low_flow,7.5V,135.56,207.6,0.78,low_flow_7.5V.csv
2,low_flow,7.5V,152.86,221.8,0.81,low_flow_7.5V.csv
3,low_flow,7.5V,154.31,221.4,0.81,low_flow_7.5V.csv
4,low_flow,7.5V,151.66,213.6,0.81,low_flow_7.5V.csv
5,low_flow,7.5V,152.3,219.2,0.83,low_flow_7.5V.csv
6,low_flow,7.5V,154.14,223.1,0.82,low_flow_7.5V.csv
7,low_flow,7.5V,152.3,219.4,0.82,low_flow_7.5V.csv
8,low_flow,7.5V,148.97,214.2,0.78,low_flow_7.5V.csv
9,low_flow,7.5V,152.5,219.2,0.8,low_flow_7.5V.csv
10,low_flow,7.5V,149.54,220.5,0.83,low_flow_7.5V.csv
11,low_flow,7.5V,151.96,216.8,0.83,low_flow_7.5V.csv
12,low_flow,7.5V,151.55,222.0,0.82,low_flow_7.5V.csv
13,low_flow,7.5V,153.68,222.5,0.82,low_flow_7.5V.csv
14,low_flow,7.5V,147.57,212.7,0.8,low_flow_7.5V.csv
15,low_flow,7.5V,151.13,219.4,0.8,low_flow_7.5V.csv
16,low_flow,7.5V,151.78,220.5,0.82,low_flow_7.5V.csv
17,low_flow,7.5V,153.27,219.8,0.8,low_flow_7.5V.csv
18,low_flow,7.5V,152.41,218.4,0.81,low_flow_7.5V.csv
19,low_flow,7.5V,148.65,221.1,0.83,low_flow_7.5V.csv
20,low_flow,7.5V,153.12,219.4,0.81,low_flow_7.5V.csv
21,low_flow,7.5V,150.79,214.9,0.85,low_flow_7.5V.csv
22,low_flow,7.5V,150.06,218.3,0.8,low_flow_7.5V.csv
23,low_flow,7.5V,151.24,215.8,0.84,low_flow_7.5V.csv
24,low_flow,7.5V,154.47,219.2,0.85,low_flow_7.5V.csv
25,low_flow,7.5V,153.21,221.2,0.83,low_flow_7.5V.csv
26,low_flow,7.5V,151.87,220.1,0.8,low_flow_7.5V.csv
27,low_flow,7.5V,151.78,220.3,0.83,low_flow_7.5V.csv
28,low_flow,7.5V,153.75,216.0,0.83,low_flow_7.5V.csv
29,low_flow,7.5V,152.97,224.2,0.82,low_flow_7.5V.csv
30,low_flow,7.5V,151.5,221.1,0.82,low_flow_7.5V.csv
31,low_flow,7.5V,152.7,217.3,0.85,low_flow_7.5V.csv
32,low_flow,7.5V,150.63,221.1,0.81,low_flow_7.5V.csv
33,low_flow,7.5V,150.88,218.6,0.79,low_flow_7.5V.csv
34,low_flow,7.5V,150.76,218.6,0.78,low_flow_7.5V.csv
35,low_flow,7.5V,149.74,220.3,0.79,low_flow_7.5V.csv
36,low_flow,7.5V,153.0,218.8,0.85,low_flow_7.5V.csv
37,low_flow,7.5V,153.17,219.6,0.82,low_flow_7.5V.csv
38,low_flow,7.5V,150.58,219.8,0.82,low_flow_7.5V.csv
39,low_flow,7.5V,150.6,215.8,0.83,low_flow_7.5V.csv
40,low_flow,7.5V,151.98,220.1,0.83,low_flow_7.5V.csv
41,low_flow,7.5V,153.33,219.8,0.81,low_flow_7.5V.csv
42,low_flow,7.5V,149.99,219.8,0.8,low_flow_7.5V.csv
43,low_flow,7.5V,150.07,222.0,0.77,low_flow_7.5V.csv
44,low_flow,7.5V,152.71,221.2,0.82,low_flow_7.5V.csv
45,low_flow,7.5V,149.67,219.4,0.81,low_flow_7.5V.csv
46,low_flow,7.5V,151.85,219.9,0.81,low_flow_7.5V.csv
47,low_flow,7.5V,152.18,217.1,0.84,low_flow_7.5V.csv
48,low_flow,7.5V,150.9,218.4,0.82,low_flow_7.5V.csv
49,low_flow,7.5V,150.17,216.8,0.84,low_flow_7.5V.csv
50,low_flow,7.5V,151.99,217.3,0.8,low_flow_7.5V.csv
51,low_flow,7.5V,153.12,219.8,0.86,low_flow_7.5V.csv
52,low_flow,7.5V,150.74,219.8,0.78,low_flow_7.5V.csv
53,low_flow,7.5V,151.66,219.2,0.82,low_flow_7.5V.csv
54,low_flow,7.5V,149.83,219.6,0.8,low_flow_7.5V.csv
55,low_flow,7.5V,153.85,219.0,0.83,low_flow_7.5V.csv
56,low_flow,7.5V,148.56,219.0,0.79,low_flow_7.5V.csv
57,low_flow,7.5V,150.16,218.6,0.81,low_flow_7.5V.csv
58,low_flow,7.5V,151.07,215.8,0.81,low_flow_7.5V.csv
59,low_flow,7.5V,150.26,219.4,0.79,low_flow_7.5V.csv
60,low_flow,7.5V,150.43,221.4,0.82,low_flow_7.5V.csv
61,low_flow,7.5V,149.88,217.0,0.8,low_flow_7.5V.csv
62,low_flow,7.5V,150.64,215.8,0.83,low_flow_7.5V.csv
63,low_flow,7.5V,150.82,217.1,0.82,low_flow_7.5V.csv
64,low_flow,7.5V,149.87,220.5,0.81,low_flow_7.5V.csv
65,low_flow,7.5V,151.18,223.3,0.82,low_flow_7.5V.csv
66,low_flow,7.5V,151.34,221.4,0.81,low_flow_7.5V.csv
67,low_flow,7.5V,151.63,217.9,0.83,low_flow_7.5V.csv
68,low_flow,7.5V,151.13,221.2,0.84,low_flow_7.5V.csv
69,low_flow,7.5V,151.88,218.8,0.84,low_flow_7.5V.csv
70,low_flow,7.5V,151.37,211.7,0.86,low_flow_7.5V.csv
71,low_flow,7.5V,151.03,215.7,0.85,low_flow_7.5V.csv
73,low_flow,7.5V,151.79,219.6,0.82,low_flow_7.5V.csv
74,low_flow,7.5V,149.19,218.4,0.82,low_flow_7.5V.csv
75,low_flow,7.5V,150.16,217.7,0.83,low_flow_7.5V.csv
76,low_flow,7.5V,150.25,221.2,0.81,low_flow_7.5V.csv
77,low_flow,7.5V,152.65,222.5,0.82,low_flow_7.5V.csv
78,low_flow,7.5V,151.27,218.8,0.82,low_flow_7.5V.csv
79,low_flow,7.5V,149.93,219.9,0.81,low_flow_7.5V.csv
80,low_flow,7.5V,147.72,222.0,0.77,low_flow_7.5V.csv
1,dryrun,no_piping,77.15,144.8,0.69,dryrun_no_piping.csv
2,dryrun,no_piping,71.95,139.0,0.59,dryrun_no_piping.csv
3,dryrun,no_piping,82.14,145.8,0.62,dryrun_no_piping.csv
4,dryrun,no_piping,83.62,143.9,0.68,dryrun_no_piping.csv
5,dryrun,no_piping,82.28,142.8,0.69,dryrun_no_piping.csv
6,dryrun,no_piping,91.58,146.1,0.8,dryrun_no_piping.csv
7,dryrun,no_piping,86.84,147.2,0.74,dryrun_no_piping.csv
8,dryrun,no_piping,77.31,145.4,0.6,dryrun_no_piping.csv
9,dryrun,no_piping,101.89,147.4,0.91,dryrun_no_piping.csv
10,dryrun,no_piping,86.98,146.1,0.73,dryrun_no_piping.csv
11,dryrun,no_piping,91.16,146.1,0.78,dryrun_no_piping.csv
12,dryrun,no_piping,79.55,144.8,0.66,dryrun_no_piping.csv
13,dryrun,no_piping,82.56,143.7,0.7,dryrun_no_piping.csv
14,dryrun,no_piping,83.69,142.4,0.7,dryrun_no_piping.csv
15,dryrun,no_piping,83.17,139.0,0.68,dryrun_no_piping.csv
16,dryrun,no_piping,85.73,146.3,0.73,dryrun_no_piping.csv
17,dryrun,no_piping,79.19,141.1,0.67,dryrun_no_piping.csv
18,dryrun,no_piping,80.27,141.8,0.68,dryrun_no_piping.csv
19,dryrun,no_piping,83.04,140.2,0.52,dryrun_no_piping.csv
20,dryrun,no_piping,81.68,144.6,0.71,dryrun_no_piping.csv
21,dryrun,no_piping,81.17,143.7,0.68,dryrun_no_piping.csv
22,dryrun,no_piping,81.49,143.5,0.68,dryrun_no_piping.csv
23,dryrun,no_piping,82.43,142.2,0.68,dryrun_no_piping.csv
24,dryrun,no_piping,81.89,140.0,0.68,dryrun_no_piping.csv
25,dryrun,no_piping,77.43,138.5,0.65,dryrun_no_piping.csv
26,dryrun,no_piping,81.45,144.3,0.66,dryrun_no_piping.csv
27,dryrun,no_piping,76.24,140.5,0.63,dryrun_no_piping.csv
28,dryrun,no_piping,76.26,139.4,0.68,dryrun_no_piping.csv
29,dryrun,no_piping,75.44,140.9,0.61,dryrun_no_piping.csv
30,dryrun,no_piping,81.11,141.7,0.64,dryrun_no_piping.csv
31,dryrun,no_piping,77.49,132.7,0.69,dryrun_no_piping.csv
32,dryrun,no_piping,75.6,141.5,0.64,dryrun_no_piping.csv
33,dryrun,no_piping,75.65,140.2,0.63,dryrun_no_piping.csv
34,dryrun,no_piping,81.29,140.4,0.67,dryrun_no_piping.csv
35,dryrun,no_piping,77.24,138.7,0.67,dryrun_no_piping.csv
36,dryrun,no_piping,80.25,142.6,0.65,dryrun_no_piping.csv
37,dryrun,no_piping,75.7,141.7,0.61,dryrun_no_piping.csv
38,dryrun,no_piping,73.9,140.7,0.63,dryrun_no_piping.csv
39,dryrun,no_piping,85.83,139.6,0.63,dryrun_no_piping.csv
1,low_flow,11V,206.61,359.5,0.68,low_flow_11V.csv
2,low_flow,11V,220.78,362.0,0.71,low_flow_11V.csv
3,low_flow,11V,217.25,368.9,0.73,low_flow_11V.csv
4,low_flow,11V,224.93,367.4,0.77,low_flow_11V.csv
5,low_flow,11V,228.57,362.5,0.66,low_flow_11V.csv
6,low_flow,11V,237.71,363.5,0.78,low_flow_11V.csv
7,low_flow,11V,231.75,369.8,0.76,low_flow_11V.csv
8,low_flow,11V,220.36,364.2,0.74,low_flow_11V.csv
9,low_flow,11V,220.61,359.0,0.74,low_flow_11V.csv
10,low_flow,11V,231.11,361.8,0.74,low_flow_11V.csv
11,low_flow,11V,231.05,366.8,0.75,low_flow_11V.csv
12,low_flow,11V,220.43,365.9,0.71,low_flow_11V.csv
13,low_flow,11V,229.34,360.3,0.7,low_flow_11V.csv
14,low_flow,11V,216.12,364.6,0.73,low_flow_11V.csv
15,low_flow,11V,230.22,358.2,0.77,low_flow_11V.csv
16,low_flow,11V,232.5,365.5,0.71,low_flow_11V.csv
17,low_flow,11V,225.02,363.1,0.71,low_flow_11V.csv
19,low_flow,11V,234.51,360.7,0.76,low_flow_11V.csv
20,low_flow,11V,228.35,361.2,0.69,low_flow_11V.csv
21,low_flow,11V,217.48,359.5,0.74,low_flow_11V.csv
22,low_flow,11V,231.25,360.7,0.77,low_flow_11V.csv
23,low_flow,11V,224.41,366.4,0.71,low_flow_11V.csv
24,low_flow,11V,226.4,359.9,0.71,low_flow_11V.csv
25,low_flow,11V,218.31,364.0,0.75,low_flow_11V.csv
26,low_flow,11V,235.75,363.6,0.75,low_flow_11V.csv
27,low_flow,11V,220.07,359.7,0.75,low_flow_11V.csv
28,low_flow,11V,228.73,360.3,0.77,low_flow_11V.csv
29,low_flow,11V,234.96,364.6,0.74,low_flow_11V.csv
30,low_flow,11V,221.45,364.2,0.7,low_flow_11V.csv
31,low_flow,11V,219.65,360.7,0.78,low_flow_11V.csv
32,low_flow,11V,221.42,353.2,0.71,low_flow_11V.csv
33,low_flow,11V,227.97,363.3,0.75,low_flow_11V.csv
34,low_flow,11V,237.27,366.3,0.77,low_flow_11V.csv
35,low_flow,11V,219.23,362.5,0.69,low_flow_11V.csv
36,low_flow,11V,216.83,365.3,0.77,low_flow_11V.csv
37,low_flow,11V,227.39,359.7,0.73,low_flow_11V.csv
38,low_flow,11V,228.01,366.4,0.75,low_flow_11V.csv
39,low_flow,11V,237.54,365.7,0.73,low_flow_11V.csv
40,low_flow,11V,224.63,367.2,0.72,low_flow_11V.csv
41,low_flow,11V,222.03,366.6,0.79,low_flow_11V.csv
42,low_flow,11V,217.2,355.3,0.72,low_flow_11V.csv
43,low_flow,11V,236.22,361.0,0.76,low_flow_11V.csv
44,low_flow,11V,230.94,366.4,0.75,low_flow_11V.csv
45,low_flow,11V,225.27,363.3,0.74,low_flow_11V.csv
46,low_flow,11V,229.5,361.2,0.67,low_flow_11V.csv
47,low_flow,11V,237.06,362.3,0.74,low_flow_11V.csv
48,low_flow,11V,220.75,366.1,0.75,low_flow_11V.csv
49,low_flow,11V,230.29,364.4,0.76,low_flow_11V.csv
50,low_flow,11V,237.12,365.1,0.78,low_flow_11V.csv
51,low_flow,11V,218.22,364.6,0.73,low_flow_11V.csv
52,low_flow,11V,217.79,349.5,0.73,low_flow_11V.csv
53,low_flow,11V,231.64,363.6,0.73,low_flow_11V.csv
54,low_flow,11V,230.0,361.8,0.68,low_flow_11V.csv
55,low_flow,11V,236.29,365.9,0.75,low_flow_11V.csv
56,low_flow,11V,217.78,366.1,0.7,low_flow_11V.csv
57,low_flow,11V,218.75,364.6,0.76,low_flow_11V.csv
58,low_flow,11V,231.15,362.3,0.76,low_flow_11V.csv
59,low_flow,11V,229.76,358.6,0.7,low_flow_11V.csv
60,low_flow,11V,227.91,364.6,0.75,low_flow_11V.csv
61,low_flow,11V,222.02,362.7,0.77,low_flow_11V.csv
62,low_flow,11V,228.83,362.7,0.72,low_flow_11V.csv
63,low_flow,11V,228.82,357.7,0.72,low_flow_11V.csv
64,low_flow,11V,226.97,366.8,0.76,low_flow_11V.csv
65,low_flow,11V,217.55,358.4,0.73,low_flow_11V.csv
66,low_flow,11V,230.68,364.6,0.77,low_flow_11V.csv
67,low_flow,11V,235.22,365.5,0.76,low_flow_11V.csv
68,low_flow,11V,222.64,359.5,0.74,low_flow_11V.csv
69,low_flow,11V,225.22,361.0,0.72,low_flow_11V.csv
70,low_flow,11V,236.63,366.1,0.75,low_flow_11V.csv
71,low_flow,11V,232.54,363.6,0.72,low_flow_11V.csv
72,low_flow,11V,231.11,362.3,0.77,low_flow_11V.csv
73,low_flow,11V,218.52,359.7,0.73,low_flow_11V.csv
74,low_flow,11V,227.12,359.7,0.75,low_flow_11V.csv
75,low_flow,11V,236.0,366.6,0.76,low_flow_11V.csv
76,low_flow,11V,226.4,366.3,0.75,low_flow_11V.csv
77,low_flow,11V,236.54,365.3,0.77,low_flow_11V.csv
78,low_flow,11V,218.57,362.0,0.71,low_flow_11V.csv
79,low_flow,11V,224.1,360.1,0.73,low_flow_11V.csv
1,low_flow,10.5V,191.58,329.7,0.69,low_flow_10.5V.csv
2,low_flow,10.5V,214.12,338.3,0.76,low_flow_10.5V.csv
3,low_flow,10.5V,203.62,324.1,0.76,low_flow_10.5V.csv
4,low_flow,10.5V,217.17,340.3,0.74,low_flow_10.5V.csv
5,low_flow,10.5V,215.77,339.6,0.75,low_flow_10.5V.csv
6,low_flow,10.5V,208.99,341.7,0.72,low_flow_10.5V.csv
7,low_flow,10.5V,213.88,339.6,0.73,low_flow_10.5V.csv
8,low_flow,10.5V,213.61,338.7,0.73,low_flow_10.5V.csv
9,low_flow,10.5V,210.36,336.2,0.72,low_flow_10.5V.csv
10,low_flow,10.5V,211.36,340.7,0.74,low_flow_10.5V.csv
11,low_flow,10.5V,216.97,340.7,0.76,low_flow_10.5V.csv
12,low_flow,10.5V,213.84,332.3,0.73,low_flow_10.5V.csv
13,low_flow,10.5V,214.42,337.7,0.76,low_flow_10.5V.csv
14,low_flow,10.5V,217.58,340.3,0.74,low_flow_10.5V.csv
15,low_flow,10.5V,210.55,338.9,0.77,low_flow_10.5V.csv
16,low_flow,10.5V,210.72,339.8,0.76,low_flow_10.5V.csv
17,low_flow,10.5V,216.21,337.6,0.74,low_flow_10.5V.csv
18,low_flow,10.5V,213.42,328.0,0.75,low_flow_10.5V.csv
19,low_flow,10.5V,211.79,338.5,0.74,low_flow_10.5V.csv
20,low_flow,10.5V,214.09,336.8,0.76,low_flow_10.5V.csv
21,low_flow,10.5V,217.48,334.2,0.75,low_flow_10.5V.csv
22,low_flow,10.5V,213.21,339.6,0.73,low_flow_10.5V.csv
23,low_flow,10.5V,214.59,339.4,0.74,low_flow_10.5V.csv
24,low_flow,10.5V,212.42,337.6,0.73,low_flow_10.5V.csv
25,low_flow,10.5V,212.41,337.0,0.75,low_flow_10.5V.csv
26,low_flow,10.5V,212.77,335.5,0.77,low_flow_10.5V.csv
27,low_flow,10.5V,210.31,339.2,0.77,low_flow_10.5V.csv
28,low_flow,10.5V,214.86,337.0,0.75,low_flow_10.5V.csv
29,low_flow,10.5V,212.65,337.4,0.73,low_flow_10.5V.csv
30,low_flow,10.5V,212.52,337.9,0.76,low_flow_10.5V.csv
31,low_flow,10.5V,213.92,337.9,0.74,low_flow_10.5V.csv
32,low_flow,10.5V,210.88,328.8,0.74,low_flow_10.5V.csv
33,low_flow,10.5V,211.27,335.9,0.75,low_flow_10.5V.csv
34,low_flow,10.5V,210.8,334.8,0.73,low_flow_10.5V.csv
35,low_flow,10.5V,209.93,339.2,0.74,low_flow_10.5V.csv
36,low_flow,10.5V,211.27,329.3,0.77,low_flow_10.5V.csv
37,low_flow,10.5V,209.73,339.2,0.75,low_flow_10.5V.csv
38,low_flow,10.5V,210.96,337.6,0.75,low_flow_10.5V.csv
39,low_flow,10.5V,212.51,335.3,0.74,low_flow_10.5V.csv
40,low_flow,10.5V,209.71,338.9,0.74,low_flow_10.5V.csv
41,low_flow,10.5V,213.45,337.7,0.75,low_flow_10.5V.csv
42,low_flow,10.5V,213.3,338.5,0.75,low_flow_10.5V.csv
43,low_flow,10.5V,212.24,336.1,0.73,low_flow_10.5V.csv
44,low_flow,10.5V,215.36,340.2,0.75,low_flow_10.5V.csv
45,low_flow,10.5V,211.92,334.0,0.75,low_flow_10.5V.csv
46,low_flow,10.5V,209.95,336.2,0.74,low_flow_10.5V.csv
47,low_flow,10.5V,211.78,337.2,0.73,low_flow_10.5V.csv
48,low_flow,10.5V,212.92,337.2,0.74,low_flow_10.5V.csv
49,low_flow,10.5V,214.62,334.0,0.73,low_flow_10.5V.csv
50,low_flow,10.5V,210.85,336.6,0.74,low_flow_10.5V.csv
51,low_flow,10.5V,214.75,335.1,0.76,low_flow_10.5V.csv
52,low_flow,10.5V,216.18,335.9,0.76,low_flow_10.5V.csv
53,low_flow,10.5V,211.91,337.4,0.74,low_flow_10.5V.csv
54,low_flow,10.5V,212.09,337.7,0.74,low_flow_10.5V.csv
55,low_flow,10.5V,214.15,337.6,0.74,low_flow_10.5V.csv
56,low_flow,10.5V,211.98,340.0,0.75,low_flow_10.5V.csv
57,low_flow,10.5V,210.33,337.4,0.75,low_flow_10.5V.csv
58,low_flow,10.5V,211.1,339.8,0.74,low_flow_10.5V.csv
59,low_flow,10.5V,217.08,336.4,0.76,low_flow_10.5V.csv
60,low_flow,10.5V,215.06,334.6,0.75,low_flow_10.5V.csv
61,low_flow,10.5V,210.22,338.1,0.75,low_flow_10.5V.csv
62,low_flow,10.5V,216.76,334.4,0.77,low_flow_10.5V.csv
63,low_flow,10.5V,213.21,337.7,0.72,low_flow_10.5V.csv
64,low_flow,10.5V,210.63,337.4,0.75,low_flow_10.5V.csv
65,low_flow,10.5V,210.99,334.2,0.76,low_flow_10.5V.csv
66,low_flow,10.5V,209.87,337.4,0.75,low_flow_10.5V.csv
67,low_flow,10.5V,212.84,332.5,0.75,low_flow_10.5V.csv
68,low_flow,10.5V,215.15,337.9,0.75,low_flow_10.5V.csv
69,low_flow,10.5V,213.35,331.8,0.75,low_flow_10.5V.csv
70,low_flow,10.5V,209.75,338.3,0.75,low_flow_10.5V.csv
71,low_flow,10.5V,213.69,336.8,0.75,low_flow_10.5V.csv
72,low_flow,10.5V,211.89,334.8,0.74,low_flow_10.5V.csv
73,low_flow,10.5V,216.56,336.4,0.73,low_flow_10.5V.csv
74,low_flow,10.5V,209.54,336.6,0.73,low_flow_10.5V.csv
75,low_flow,10.5V,213.54,337.0,0.74,low_flow_10.5V.csv
76,low_flow,10.5V,213.63,336.6,0.74,low_flow_10.5V.csv
77,low_flow,10.5V,212.2,333.5,0.76,low_flow_10.5V.csv
78,low_flow,10.5V,211.07,335.7,0.74,low_flow_10.5V.csv
79,low_flow,10.5V,209.92,335.7,0.74,low_flow_10.5V.csv
1,low_flow,7V,121.02,205.0,0.75,low_flow_7V.csv
2,low_flow,7V,139.88,206.0,0.83,low_flow_7V.csv
3,low_flow,7V,139.42,207.6,0.8,low_flow_7V.csv
4,low_flow,7V,138.77,207.5,0.81,low_flow_7V.csv
5,low_flow,7V,139.24,201.1,0.81,low_flow_7V.csv
6,low_flow,7V,136.65,208.4,0.82,low_flow_7V.csv
7,low_flow,7V,139.21,211.7,0.82,low_flow_7V.csv
8,low_flow,7V,137.67,203.9,0.81,low_flow_7V.csv
9,low_flow,7V,137.82,204.3,0.81,low_flow_7V.csv
10,low_flow,7V,136.64,202.0,0.82,low_flow_7V.csv
11,low_flow,7V,138.45,204.8,0.8,low_flow_7V.csv
12,low_flow,7V,136.77,206.3,0.82,low_flow_7V.csv
13,low_flow,7V,136.57,201.7,0.81,low_flow_7V.csv
14,low_flow,7V,140.06,203.5,0.8,low_flow_7V.csv
15,low_flow,7V,139.72,208.0,0.83,low_flow_7V.csv
16,low_flow,7V,140.04,202.6,0.85,low_flow_7V.csv
17,low_flow,7V,140.31,207.6,0.81,low_flow_7V.csv
18,low_flow,7V,138.95,210.2,0.81,low_flow_7V.csv
19,low_flow,7V,139.69,207.6,0.81,low_flow_7V.csv
20,low_flow,7V,138.21,209.3,0.81,low_flow_7V.csv
21,low_flow,7V,139.92,201.5,0.82,low_flow_7V.csv
22,low_flow,7V,139.62,206.0,0.83,low_flow_7V.csv
23,low_flow,7V,138.73,205.6,0.81,low_flow_7V.csv
24,low_flow,7V,139.59,203.9,0.83,low_flow_7V.csv
25,low_flow,7V,139.67,210.8,0.8,low_flow_7V.csv
26,low_flow,7V,141.13,206.5,0.85,low_flow_7V.csv
27,low_flow,7V,140.76,206.9,0.8,low_flow_7V.csv
28,low_flow,7V,137.01,203.7,0.8,low_flow_7V.csv
29,low_flow,7V,138.86,205.0,0.8,low_flow_7V.csv
30,low_flow,7V,139.99,207.1,0.83,low_flow_7V.csv
31,low_flow,7V,139.08,207.1,0.83,low_flow_7V.csv
32,low_flow,7V,137.88,209.5,0.8,low_flow_7V.csv
33,low_flow,7V,139.38,204.3,0.81,low_flow_7V.csv
34,low_flow,7V,139.24,208.9,0.83,low_flow_7V.csv
35,low_flow,7V,138.07,204.1,0.84,low_flow_7V.csv
36,low_flow,7V,138.97,206.0,0.85,low_flow_7V.csv
37,low_flow,7V,139.5,202.6,0.81,low_flow_7V.csv
38,low_flow,7V,139.38,206.0,0.83,low_flow_7V.csv
39,low_flow,7V,139.68,207.3,0.82,low_flow_7V.csv
40,low_flow,7V,139.82,205.8,0.81,low_flow_7V.csv
41,low_flow,7V,139.57,204.7,0.84,low_flow_7V.csv
42,low_flow,7V,139.93,208.9,0.82,low_flow_7V.csv
43,low_flow,7V,137.55,204.3,0.84,low_flow_7V.csv
44,low_flow,7V,134.03,205.6,0.82,low_flow_7V.csv
45,low_flow,7V,139.45,203.4,0.84,low_flow_7V.csv
46,low_flow,7V,140.46,206.0,0.85,low_flow_7V.csv
47,low_flow,7V,138.98,204.5,0.82,low_flow_7V.csv
48,low_flow,7V,139.31,206.5,0.79,low_flow_7V.csv
49,low_flow,7V,138.23,206.5,0.82,low_flow_7V.csv
50,low_flow,7V,138.82,208.4,0.8,low_flow_7V.csv
51,low_flow,7V,136.69,204.8,0.82,low_flow_7V.csv
52,low_flow,7V,137.86,205.0,0.84,low_flow_7V.csv
53,low_flow,7V,138.35,210.2,0.79,low_flow_7V.csv
54,low_flow,7V,139.01,206.3,0.81,low_flow_7V.csv
55,low_flow,7V,139.77,207.3,0.82,low_flow_7V.csv
56,low_flow,7V,138.08,209.7,0.78,low_flow_7V.csv
57,low_flow,7V,137.53,208.2,0.78,low_flow_7V.csv
58,low_flow,7V,140.12,208.0,0.83,low_flow_7V.csv
59,low_flow,7V,137.89,207.1,0.83,low_flow_7V.csv
60,low_flow,7V,138.98,205.4,0.83,low_flow_7V.csv
61,low_flow,7V,138.39,203.0,0.83,low_flow_7V.csv
62,low_flow,7V,137.83,210.4,0.81,low_flow_7V.csv
63,low_flow,7V,139.98,204.8,0.8,low_flow_7V.csv
64,low_flow,7V,139.79,208.0,0.82,low_flow_7V.csv
65,low_flow,7V,140.13,206.1,0.82,low_flow_7V.csv
66,low_flow,7V,140.58,203.2,0.83,low_flow_7V.csv
67,low_flow,7V,140.78,205.6,0.85,low_flow_7V.csv
68,low_flow,7V,138.36,206.5,0.81,low_flow_7V.csv
69,low_flow,7V,138.06,206.5,0.82,low_flow_7V.csv
70,low_flow,7V,138.33,203.0,0.83,low_flow_7V.csv
71,low_flow,7V,138.79,208.9,0.82,low_flow_7V.csv
72,low_flow,7V,138.06,201.5,0.82,low_flow_7V.csv
73,low_flow,7V,138.86,206.3,0.82,low_flow_7V.csv
74,low_flow,7V,137.22,203.4,0.8,low_flow_7V.csv
75,low_flow,7V,135.86,206.1,0.78,low_flow_7V.csv
76,low_flow,7V,138.87,206.3,0.81,low_flow_7V.csv
77,low_flow,7V,138.36,205.6,0.84,low_flow_7V.csv
78,low_flow,7V,138.29,199.4,0.86,low_flow_7V.csv
79,low_flow,7V,138.83,202.2,0.82,low_flow_7V.csv
1,low_flow,10V,186.23,315.2,0.69,low_flow_10V.csv
2,low_flow,10V,194.3,316.9,0.76,low_flow_10V.csv
3,low_flow,10V,200.5,320.2,0.75,low_flow_10V.csv
4,low_flow,10V,208.11,318.9,0.76,low_flow_10V.csv
5,low_flow,10V,205.04,321.0,0.78,low_flow_10V.csv
6,low_flow,10V,214.73,320.8,0.76,low_flow_10V.csv
7,low_flow,10V,201.64,316.1,0.74,low_flow_10V.csv
8,low_flow,10V,200.96,315.7,0.79,low_flow_10V.csv
9,low_flow,10V,207.0,317.8,0.74,low_flow_10V.csv
10,low_flow,10V,197.98,319.5,0.79,low_flow_10V.csv
11,low_flow,10V,209.83,317.0,0.75,low_flow_10V.csv
12,low_flow,10V,201.62,319.8,0.77,low_flow_10V.csv
13,low_flow,10V,201.36,319.8,0.78,low_flow_10V.csv
14,low_flow,10V,209.84,318.0,0.74,low_flow_10V.csv
15,low_flow,10V,198.92,321.0,0.78,low_flow_10V.csv
16,low_flow,10V,206.53,319.5,0.76,low_flow_10V.csv
17,low_flow,10V,193.75,316.3,0.78,low_flow_10V.csv
18,low_flow,10V,208.0,314.1,0.75,low_flow_10V.csv
19,low_flow,10V,196.31,318.0,0.78,low_flow_10V.csv
20,low_flow,10V,198.19,324.9,0.77,low_flow_10V.csv
21,low_flow,10V,201.5,319.3,0.75,low_flow_10V.csv
22,low_flow,10V,193.31,316.1,0.73,low_flow_10V.csv
23,low_flow,10V,202.97,319.3,0.74,low_flow_10V.csv
24,low_flow,10V,187.3,309.6,0.76,low_flow_10V.csv
25,low_flow,10V,199.54,317.6,0.72,low_flow_10V.csv
26,low_flow,10V,206.7,314.3,0.76,low_flow_10V.csv
27,low_flow,10V,200.3,319.5,0.78,low_flow_10V.csv
28,low_flow,10V,195.31,320.4,0.75,low_flow_10V.csv
29,low_flow,10V,211.42,316.9,0.77,low_flow_10V.csv
30,low_flow,10V,196.35,321.1,0.74,low_flow_10V.csv
31,low_flow,10V,209.19,315.2,0.77,low_flow_10V.csv
32,low_flow,10V,201.4,320.4,0.75,low_flow_10V.csv
33,low_flow,10V,209.32,319.5,0.77,low_flow_10V.csv
34,low_flow,10V,196.3,320.6,0.74,low_flow_10V.csv
35,low_flow,10V,214.67,321.3,0.75,low_flow_10V.csv
36,low_flow,10V,196.02,317.6,0.74,low_flow_10V.csv
37,low_flow,10V,210.29,317.6,0.76,low_flow_10V.csv
38,low_flow,10V,202.17,318.9,0.8,low_flow_10V.csv
39,low_flow,10V,206.5,315.9,0.71,low_flow_10V.csv
40,low_flow,10V,205.84,315.4,0.77,low_flow_10V.csv
41,low_flow,10V,210.7,320.4,0.79,low_flow_10V.csv
42,low_flow,10V,214.69,319.7,0.76,low_flow_10V.csv
43,low_flow,10V,210.46,319.3,0.74,low_flow_10V.csv
44,low_flow,10V,200.27,318.7,0.8,low_flow_10V.csv
45,low_flow,10V,198.35,320.8,0.75,low_flow_10V.csv
46,low_flow,10V,204.26,320.0,0.71,low_flow_10V.csv
47,low_flow,10V,209.85,316.7,0.75,low_flow_10V.csv
48,low_flow,10V,202.38,317.4,0.79,low_flow_10V.csv
49,low_flow,10V,207.91,319.1,0.73,low_flow_10V.csv
50,low_flow,10V,206.98,319.8,0.77,low_flow_10V.csv
51,low_flow,10V,204.51,316.5,0.77,low_flow_10V.csv
52,low_flow,10V,205.24,319.1,0.76,low_flow_10V.csv
53,low_flow,10V,192.42,317.0,0.72,low_flow_10V.csv
54,low_flow,10V,193.61,315.6,0.77,low_flow_10V.csv
55,low_flow,10V,192.92,316.1,0.75,low_flow_10V.csv
56,low_flow,10V,207.11,314.4,0.73,low_flow_10V.csv
57,low_flow,10V,206.44,317.8,0.77,low_flow_10V.csv
58,low_flow,10V,196.14,318.9,0.75,low_flow_10V.csv
59,low_flow,10V,193.57,314.8,0.78,low_flow_10V.csv
60,low_flow,10V,203.89,314.6,0.77,low_flow_10V.csv
61,low_flow,10V,207.66,318.0,0.75,low_flow_10V.csv
62,low_flow,10V,194.23,315.2,0.78,low_flow_10V.csv
63,low_flow,10V,212.39,320.2,0.78,low_flow_10V.csv
64,low_flow,10V,200.77,305.9,0.77,low_flow_10V.csv
65,low_flow,10V,205.87,316.5,0.77,low_flow_10V.csv
66,low_flow,10V,209.45,318.9,0.77,low_flow_10V.csv
67,low_flow,10V,193.79,318.9,0.74,low_flow_10V.csv
68,low_flow,10V,214.43,318.7,0.76,low_flow_10V.csv
69,low_flow,10V,198.36,318.4,0.77,low_flow_10V.csv
70,low_flow,10V,193.51,321.1,0.73,low_flow_10V.csv
71,low_flow,10V,209.6,318.9,0.8,low_flow_10V.csv
72,low_flow,10V,212.94,317.4,0.74,low_flow_10V.csv
73,low_flow,10V,193.22,312.4,0.73,low_flow_10V.csv
74,low_flow,10V,208.1,316.3,0.79,low_flow_10V.csv
75,low_flow,10V,208.39,314.4,0.77,low_flow_10V.csv
76,low_flow,10V,197.0,319.1,0.74,low_flow_10V.csv
77,low_flow,10V,214.18,318.5,0.76,low_flow_10V.csv
78,low_flow,10V,205.22,318.4,0.78,low_flow_10V.csv
79,low_flow,10V,205.58,319.5,0.77,low_flow_10V.csv
1,start_fail,power_disconnect,0.9,2.4,0.4,start_fail_power_disconnect.csv
2,start_fail,power_disconnect,0.9,2.2,0.57,start_fail_power_disconnect.csv
3,start_fail,power_disconnect,0.92,2.4,0.41,start_fail_power_disconnect.csv
4,start_fail,power_disconnect,1.08,6.3,0.04,start_fail_power_disconnect.csv
5,start_fail,power_disconnect,0.93,2.1,0.59,start_fail_power_disconnect.csv
6,start_fail,power_disconnect,0.97,2.1,0.63,start_fail_power_disconnect.csv
7,start_fail,power_disconnect,0.95,2.8,0.45,start_fail_power_disconnect.csv
8,start_fail,power_disconnect,0.9,2.6,0.37,start_fail_power_disconnect.csv
9,start_fail,power_disconnect,0.95,1.9,0.64,start_fail_power_disconnect.csv
10,start_fail,power_disconnect,0.93,1.7,0.64,start_fail_power_disconnect.csv
11,start_fail,power_disconnect,0.98,2.4,0.48,start_fail_power_disconnect.csv
12,start_fail,power_disconnect,0.95,2.4,0.52,start_fail_power_disconnect.csv
13,start_fail,power_disconnect,0.91,2.1,0.57,start_fail_power_disconnect.csv
14,start_fail,power_disconnect,0.94,2.4,0.45,start_fail_power_disconnect.csv
15,start_fail,power_disconnect,0.91,2.1,0.56,start_fail_power_disconnect.csv
16,start_fail,power_disconnect,0.87,2.4,0.35,start_fail_power_disconnect.csv
17,start_fail,power_disconnect,0.87,2.4,0.39,start_fail_power_disconnect.csv
18,start_fail,power_disconnect,0.95,2.4,0.38,start_fail_power_disconnect.csv
19,start_fail,power_disconnect,0.91,2.2,0.54,start_fail_power_disconnect.csv
20,start_fail,power_disconnect,0.92,1.7,0.68,start_fail_power_disconnect.csv
21,start_fail,power_disconnect,0.96,2.1,0.58,start_fail_power_disconnect.csv
22,start_fail,power_disconnect,0.95,2.2,0.56,start_fail_power_disconnect.csv
23,start_fail,power_disconnect,0.99,2.1,0.61,start_fail_power_disconnect.csv
24,start_fail,power_disconnect,0.96,1.9,0.66,start_fail_power_disconnect.csv
25,start_fail,power_disconnect,0.92,2.4,0.46,start_fail_power_disconnect.csv
26,start_fail,power_disconnect,1.02,2.6,0.47,start_fail_power_disconnect.csv
27,start_fail,power_disconnect,0.95,2.1,0.58,start_fail_power_disconnect.csv
28,start_fail,power_disconnect,0.96,2.6,0.41,start_fail_power_disconnect.csv
29,start_fail,power_disconnect,0.99,2.6,0.52,start_fail_power_disconnect.csv
31,start_fail,power_disconnect,0.94,2.8,0.42,start_fail_power_disconnect.csv
32,start_fail,power_disconnect,1.82,6.0,0.17,start_fail_power_disconnect.csv
33,start_fail,power_disconnect,0.94,2.2,0.57,start_fail_power_disconnect.csv
34,start_fail,power_disconnect,1.01,2.1,0.61,start_fail_power_disconnect.csv
35,start_fail,power_disconnect,0.92,1.9,0.62,start_fail_power_disconnect.csv
36,start_fail,power_disconnect,0.94,2.1,0.57,start_fail_power_disconnect.csv
37,start_fail,power_disconnect,1.0,2.4,0.5,start_fail_power_disconnect.csv
38,start_fail,power_disconnect,0.91,2.4,0.44,start_fail_power_disconnect.csv
39,start_fail,power_disconnect,1.0,2.8,0.45,start_fail_power_disconnect.csv
40,start_fail,power_disconnect,0.95,2.6,0.42,start_fail_power_disconnect.csv
41,start_fail,power_disconnect,1.55,5.8,0.12,start_fail_power_disconnect.csv
42,start_fail,power_disconnect,1.76,6.0,0.2,start_fail_power_disconnect.csv
43,start_fail,power_disconnect,1.53,5.6,0.22,start_fail_power_disconnect.csv
44,start_fail,power_disconnect,0.92,3.0,0.28,start_fail_power_disconnect.csv
45,start_fail,power_disconnect,0.99,2.4,0.45,start_fail_power_disconnect.csv
47,start_fail,power_disconnect,0.88,2.2,0.53,start_fail_power_disconnect.csv
48,start_fail,power_disconnect,0.88,2.6,0.35,start_fail_power_disconnect.csv
49,start_fail,power_disconnect,0.9,2.4,0.36,start_fail_power_disconnect.csv
50,start_fail,power_disconnect,0.92,2.1,0.57,start_fail_power_disconnect.csv
51,start_fail,power_disconnect,0.92,1.7,0.66,start_fail_power_disconnect.csv
52,start_fail,power_disconnect,0.97,2.1,0.56,start_fail_power_disconnect.csv
53,start_fail,power_disconnect,0.97,2.2,0.62,start_fail_power_disconnect.csv
54,start_fail,power_disconnect,0.93,1.9,0.64,start_fail_power_disconnect.csv
55,start_fail,power_disconnect,1.03,2.6,0.54,start_fail_power_disconnect.csv
56,start_fail,power_disconnect,0.97,2.1,0.64,start_fail_power_disconnect.csv
57,start_fail,power_disconnect,0.89,1.7,0.63,start_fail_power_disconnect.csv
58,start_fail,power_disconnect,0.99,2.4,0.53,start_fail_power_disconnect.csv
59,start_fail,power_disconnect,0.9,2.1,0.51,start_fail_power_disconnect.csv
60,start_fail,power_disconnect,0.89,2.2,0.55,start_fail_power_disconnect.csv
61,start_fail,power_disconnect,0.91,2.2,0.54,start_fail_power_disconnect.csv
62,start_fail,power_disconnect,0.91,2.1,0.57,start_fail_power_disconnect.csv
63,start_fail,power_disconnect,0.96,1.9,0.67,start_fail_power_disconnect.csv
64,start_fail,power_disconnect,0.96,2.4,0.5,start_fail_power_disconnect.csv
65,start_fail,power_disconnect,0.94,2.4,0.45,start_fail_power_disconnect.csv
66,start_fail,power_disconnect,0.99,2.6,0.44,start_fail_power_disconnect.csv
67,start_fail,power_disconnect,0.94,2.4,0.44,start_fail_power_disconnect.csv
68,start_fail,power_disconnect,0.94,2.4,0.46,start_fail_power_disconnect.csv
69,start_fail,power_disconnect,0.94,2.4,0.41,start_fail_power_disconnect.csv
70,start_fail,power_disconnect,0.94,2.4,0.43,start_fail_power_disconnect.csv
71,start_fail,power_disconnect,1.0,2.2,0.58,start_fail_power_disconnect.csv
72,start_fail,power_disconnect,0.97,2.4,0.51,start_fail_power_disconnect.csv
73,start_fail,power_disconnect,1.0,2.6,0.48,start_fail_power_disconnect.csv
74,start_fail,power_disconnect,0.99,2.2,0.58,start_fail_power_disconnect.csv
75,start_fail,power_disconnect,1.07,2.8,0.53,start_fail_power_disconnect.csv
76,start_fail,power_disconnect,1.73,5.4,0.31,start_fail_power_disconnect.csv
77,start_fail,power_disconnect,1.65,4.3,0.49,start_fail_power_disconnect.csv
78,start_fail,power_disconnect,0.98,2.8,0.46,start_fail_power_disconnect.csv
79,start_fail,power_disconnect,0.91,2.6,0.36,start_fail_power_disconnect.csv
1,low_flow,9V,166.76,267.3,0.75,low_flow_9V.csv
2,low_flow,9V,184.72,271.9,0.75,low_flow_9V.csv
3,low_flow,9V,185.74,276.6,0.77,low_flow_9V.csv
4,low_flow,9V,186.21,274.0,0.79,low_flow_9V.csv
5,low_flow,9V,184.17,276.4,0.78,low_flow_9V.csv
6,low_flow,9V,185.11,269.9,0.79,low_flow_9V.csv
7,low_flow,9V,185.01,273.1,0.79,low_flow_9V.csv
8,low_flow,9V,182.98,274.9,0.77,low_flow_9V.csv
9,low_flow,9V,182.51,272.9,0.8,low_flow_9V.csv
10,low_flow,9V,185.24,274.4,0.78,low_flow_9V.csv
11,low_flow,9V,181.32,273.4,0.76,low_flow_9V.csv
12,low_flow,9V,184.07,274.7,0.78,low_flow_9V.csv
13,low_flow,9V,185.35,274.7,0.8,low_flow_9V.csv
14,low_flow,9V,185.75,270.8,0.75,low_flow_9V.csv
15,low_flow,9V,182.45,273.1,0.78,low_flow_9V.csv
16,low_flow,9V,184.36,272.3,0.79,low_flow_9V.csv
17,low_flow,9V,184.63,273.6,0.81,low_flow_9V.csv
18,low_flow,9V,185.94,273.8,0.78,low_flow_9V.csv
19,low_flow,9V,181.33,274.7,0.78,low_flow_9V.csv
20,low_flow,9V,185.55,272.3,0.78,low_flow_9V.csv
21,low_flow,9V,182.34,275.7,0.8,low_flow_9V.csv
22,low_flow,9V,184.19,274.2,0.78,low_flow_9V.csv
23,low_flow,9V,184.89,276.6,0.79,low_flow_9V.csv
24,low_flow,9V,179.24,273.8,0.8,low_flow_9V.csv
25,low_flow,9V,181.18,271.4,0.75,low_flow_9V.csv
26,low_flow,9V,183.19,274.6,0.8,low_flow_9V.csv
27,low_flow,9V,181.75,270.6,0.79,low_flow_9V.csv
28,low_flow,9V,182.96,271.6,0.79,low_flow_9V.csv
29,low_flow,9V,183.37,274.7,0.78,low_flow_9V.csv
30,low_flow,9V,182.74,274.9,0.81,low_flow_9V.csv
31,low_flow,9V,183.24,274.9,0.79,low_flow_9V.csv
32,low_flow,9V,181.99,274.4,0.78,low_flow_9V.csv
33,low_flow,9V,181.17,272.7,0.77,low_flow_9V.csv
34,low_flow,9V,185.05,271.9,0.79,low_flow_9V.csv
35,low_flow,9V,181.79,271.9,0.78,low_flow_9V.csv
36,low_flow,9V,185.2,273.4,0.79,low_flow_9V.csv
37,low_flow,9V,182.04,274.9,0.78,low_flow_9V.csv
38,low_flow,9V,185.24,273.6,0.79,low_flow_9V.csv
39,low_flow,9V,184.94,271.6,0.75,low_flow_9V.csv
40,low_flow,9V,184.99,271.6,0.76,low_flow_9V.csv
41,low_flow,9V,184.06,273.1,0.79,low_flow_9V.csv
42,low_flow,9V,184.51,274.0,0.79,low_flow_9V.csv
43,low_flow,9V,182.42,273.2,0.77,low_flow_9V.csv
44,low_flow,9V,182.91,273.8,0.79,low_flow_9V.csv
45,low_flow,9V,183.85,272.5,0.77,low_flow_9V.csv
46,low_flow,9V,183.71,277.3,0.77,low_flow_9V.csv
47,low_flow,9V,181.44,271.4,0.77,low_flow_9V.csv
48,low_flow,9V,181.49,276.2,0.76,low_flow_9V.csv
49,low_flow,9V,185.72,272.7,0.8,low_flow_9V.csv
50,low_flow,9V,185.41,272.1,0.77,low_flow_9V.csv
51,low_flow,9V,182.08,275.9,0.76,low_flow_9V.csv
52,low_flow,9V,182.82,271.6,0.78,low_flow_9V.csv
53,low_flow,9V,184.1,271.0,0.8,low_flow_9V.csv
54,low_flow,9V,180.49,273.8,0.79,low_flow_9V.csv
55,low_flow,9V,183.5,272.7,0.76,low_flow_9V.csv
56,low_flow,9V,181.74,269.1,0.77,low_flow_9V.csv
57,low_flow,9V,186.72,271.0,0.76,low_flow_9V.csv
58,low_flow,9V,184.18,272.1,0.78,low_flow_9V.csv
59,low_flow,9V,185.99,273.6,0.81,low_flow_9V.csv
60,low_flow,9V,186.13,270.3,0.8,low_flow_9V.csv
61,low_flow,9V,182.22,271.4,0.79,low_flow_9V.csv
62,low_flow,9V,185.23,272.5,0.8,low_flow_9V.csv
63,low_flow,9V,184.2,272.7,0.77,low_flow_9V.csv
64,low_flow,9V,185.02,273.6,0.81,low_flow_9V.csv
65,low_flow,9V,184.33,271.2,0.8,low_flow_9V.csv
66,low_flow,9V,179.97,273.4,0.77,low_flow_9V.csv
67,low_flow,9V,184.93,275.7,0.76,low_flow_9V.csv
68,low_flow,9V,184.46,270.1,0.8,low_flow_9V.csv
69,low_flow,9V,182.04,272.3,0.78,low_flow_9V.csv
70,low_flow,9V,184.19,275.1,0.76,low_flow_9V.csv
71,low_flow,9V,182.26,273.2,0.79,low_flow_9V.csv
72,low_flow,9V,183.29,273.6,0.78,low_flow_9V.csv
73,low_flow,9V,184.35,274.0,0.82,low_flow_9V.csv
74,low_flow,9V,179.8,273.1,0.76,low_flow_9V.csv
75,low_flow,9V,186.25,274.0,0.79,low_flow_9V.csv
76,low_flow,9V,182.1,273.6,0.78,low_flow_9V.csv
77,low_flow,9V,182.03,274.4,0.77,low_flow_9V.csv
78,low_flow,9V,182.94,274.9,0.77,low_flow_9V.csv
79,low_flow,9V,183.6,272.5,0.8,low_flow_9V.csv
80,low_flow,9V,175.04,268.0,0.75,low_flow_9V.csv
1,start_fail,undervoltage_6V,4.61,6.9,0.97,start_fail_undervoltage_6V.csv
2,start_fail,undervoltage_6V,4.77,6.5,1.0,start_fail_undervoltage_6V.csv
3,start_fail,undervoltage_6V,4.81,6.9,1.0,start_fail_undervoltage_6V.csv
4,start_fail,undervoltage_6V,4.79,6.5,1.0,start_fail_undervoltage_6V.csv
5,start_fail,undervoltage_6V,4.73,6.5,1.0,start_fail_undervoltage_6V.csv
6,start_fail,undervoltage_6V,4.67,5.8,1.0,start_fail_undervoltage_6V.csv
7,start_fail,undervoltage_6V,60.95,77.2,1.0,start_fail_undervoltage_6V.csv
8,start_fail,undervoltage_6V,4.73,6.3,1.0,start_fail_undervoltage_6V.csv
9,start_fail,undervoltage_6V,4.73,6.5,1.0,start_fail_undervoltage_6V.csv
10,start_fail,undervoltage_6V,4.84,6.7,1.0,start_fail_undervoltage_6V.csv
11,start_fail,undervoltage_6V,4.84,6.9,1.0,start_fail_undervoltage_6V.csv
12,start_fail,undervoltage_6V,4.82,6.9,1.0,start_fail_undervoltage_6V.csv
13,start_fail,undervoltage_6V,4.81,6.9,1.0,start_fail_undervoltage_6V.csv
14,start_fail,undervoltage_6V,49.95,66.2,1.0,start_fail_undervoltage_6V.csv
15,start_fail,undervoltage_6V,4.84,7.1,1.0,start_fail_undervoltage_6V.csv
16,start_fail,undervoltage_6V,4.77,6.7,1.0,start_fail_undervoltage_6V.csv
17,start_fail,undervoltage_6V,4.77,6.9,1.0,start_fail_undervoltage_6V.csv
18,start_fail,undervoltage_6V,42.55,77.7,0.38,start_fail_undervoltage_6V.csv
19,start_fail,undervoltage_6V,4.75,6.7,1.0,start_fail_undervoltage_6V.csv
20,start_fail,undervoltage_6V,4.75,6.5,1.0,start_fail_undervoltage_6V.csv
21,start_fail,undervoltage_6V,29.48,52.4,0.45,start_fail_undervoltage_6V.csv
22,start_fail,undervoltage_6V,4.83,6.9,1.0,start_fail_undervoltage_6V.csv
23,start_fail,undervoltage_6V,4.81,6.7,1.0,start_fail_undervoltage_6V.csv
24,start_fail,undervoltage_6V,4.75,6.7,1.0,start_fail_undervoltage_6V.csv
25,start_fail,undervoltage_6V,68.69,78.1,1.0,start_fail_undervoltage_6V.csv
26,start_fail,undervoltage_6V,4.72,6.3,1.0,start_fail_undervoltage_6V.csv
27,start_fail,undervoltage_6V,4.75,6.5,1.0,start_fail_undervoltage_6V.csv
28,start_fail,undervoltage_6V,4.78,6.7,1.0,start_fail_undervoltage_6V.csv
29,start_fail,undervoltage_6V,4.78,6.9,1.0,start_fail_undervoltage_6V.csv
30,start_fail,undervoltage_6V,4.73,6.2,1.0,start_fail_undervoltage_6V.csv
31,start_fail,undervoltage_6V,4.84,6.7,1.0,start_fail_undervoltage_6V.csv
32,start_fail,undervoltage_6V,62.82,77.7,1.0,start_fail_undervoltage_6V.csv
33,start_fail,undervoltage_6V,4.75,6.5,1.0,start_fail_undervoltage_6V.csv
34,start_fail,undervoltage_6V,4.73,6.3,1.0,start_fail_undervoltage_6V.csv
35,start_fail,undervoltage_6V,4.83,6.7,1.0,start_fail_undervoltage_6V.csv
36,start_fail,undervoltage_6V,4.78,6.5,1.0,start_fail_undervoltage_6V.csv
37,start_fail,undervoltage_6V,4.8,6.9,1.0,start_fail_undervoltage_6V.csv
38,start_fail,undervoltage_6V,4.76,6.5,1.0,start_fail_undervoltage_6V.csv
39,start_fail,undervoltage_6V,51.41,66.7,1.0,start_fail_undervoltage_6V.csv
40,start_fail,undervoltage_6V,4.79,6.7,1.0,start_fail_undervoltage_6V.csv
41,start_fail,undervoltage_6V,4.77,6.5,1.0,start_fail_undervoltage_6V.csv
42,start_fail,undervoltage_6V,4.85,6.9,1.0,start_fail_undervoltage_6V.csv
43,start_fail,undervoltage_6V,37.46,78.3,0.29,start_fail_undervoltage_6V.csv
44,start_fail,undervoltage_6V,4.77,6.3,1.0,start_fail_undervoltage_6V.csv
45,start_fail,undervoltage_6V,4.83,6.9,1.0,start_fail_undervoltage_6V.csv
46,start_fail,undervoltage_6V,32.52,54.8,0.54,start_fail_undervoltage_6V.csv
47,start_fail,undervoltage_6V,4.78,6.5,1.0,start_fail_undervoltage_6V.csv
48,start_fail,undervoltage_6V,4.84,6.7,1.0,start_fail_undervoltage_6V.csv
49,start_fail,undervoltage_6V,4.75,6.2,1.0,start_fail_undervoltage_6V.csv
50,start_fail,undervoltage_6V,67.37,78.3,0.96,start_fail_undervoltage_6V.csv
51,start_fail,undervoltage_6V,4.77,6.5,1.0,start_fail_undervoltage_6V.csv
52,start_fail,undervoltage_6V,4.74,6.2,1.0,start_fail_undervoltage_6V.csv
53,start_fail,undervoltage_6V,4.8,6.7,1.0,start_fail_undervoltage_6V.csv
54,start_fail,undervoltage_6V,4.78,6.5,1.0,start_fail_undervoltage_6V.csv
55,start_fail,undervoltage_6V,4.79,6.9,1.0,start_fail_undervoltage_6V.csv
56,start_fail,undervoltage_6V,4.81,6.7,1.0,start_fail_undervoltage_6V.csv
57,start_fail,undervoltage_6V,63.99,78.1,1.0,start_fail_undervoltage_6V.csv
58,start_fail,undervoltage_6V,4.8,6.9,1.0,start_fail_undervoltage_6V.csv
59,start_fail,undervoltage_6V,4.85,6.7,1.0,start_fail_undervoltage_6V.csv
60,start_fail,undervoltage_6V,4.83,6.7,1.0,start_fail_undervoltage_6V.csv
61,start_fail,undervoltage_6V,4.8,6.7,1.0,start_fail_undervoltage_6V.csv
62,start_fail,undervoltage_6V,4.74,6.5,1.0,start_fail_undervoltage_6V.csv
63,start_fail,undervoltage_6V,4.76,6.3,1.0,start_fail_undervoltage_6V.csv
64,start_fail,undervoltage_6V,52.53,67.8,1.0,start_fail_undervoltage_6V.csv
65,start_fail,undervoltage_6V,4.79,6.7,1.0,start_fail_undervoltage_6V.csv
66,start_fail,undervoltage_6V,4.83,6.5,1.0,start_fail_undervoltage_6V.csv
67,start_fail,undervoltage_6V,4.78,6.5,1.0,start_fail_undervoltage_6V.csv
68,start_fail,undervoltage_6V,31.13,77.7,0.2,start_fail_undervoltage_6V.csv
69,start_fail,undervoltage_6V,4.76,6.5,1.0,start_fail_undervoltage_6V.csv
70,start_fail,undervoltage_6V,4.78,6.7,1.0,start_fail_undervoltage_6V.csv
71,start_fail,undervoltage_6V,35.22,55.4,0.63,start_fail_undervoltage_6V.csv
72,start_fail,undervoltage_6V,4.8,6.3,1.0,start_fail_undervoltage_6V.csv
73,start_fail,undervoltage_6V,4.83,6.9,1.0,start_fail_undervoltage_6V.csv
74,start_fail,undervoltage_6V,4.75,6.7,1.0,start_fail_undervoltage_6V.csv
75,start_fail,undervoltage_6V,64.35,78.3,0.87,start_fail_undervoltage_6V.csv
76,start_fail,undervoltage_6V,4.73,6.9,1.0,start_fail_undervoltage_6V.csv
77,start_fail,undervoltage_6V,4.78,6.7,1.0,start_fail_undervoltage_6V.csv
79,start_fail,undervoltage_6V,4.85,7.3,1.0,start_fail_undervoltage_6V.csv
80,start_fail,undervoltage_6V,4.73,7.6,0.97,start_fail_undervoltage_6V.csv
1,low_flow,8V,144.1,229.3,0.72,low_flow_8V.csv
2,low_flow,8V,162.1,233.5,0.8,low_flow_8V.csv
3,low_flow,8V,163.21,227.0,0.85,low_flow_8V.csv
4,low_flow,8V,165.37,232.8,0.8,low_flow_8V.csv
5,low_flow,8V,159.04,230.4,0.8,low_flow_8V.csv
6,low_flow,8V,160.55,230.0,0.8,low_flow_8V.csv
7,low_flow,8V,160.64,228.5,0.79,low_flow_8V.csv
8,low_flow,8V,164.32,235.6,0.8,low_flow_8V.csv
9,low_flow,8V,161.4,232.1,0.81,low_flow_8V.csv
10,low_flow,8V,166.07,233.7,0.82,low_flow_8V.csv
11,low_flow,8V,161.62,231.7,0.82,low_flow_8V.csv
12,low_flow,8V,161.28,232.8,0.81,low_flow_8V.csv
13,low_flow,8V,160.13,231.9,0.8,low_flow_8V.csv
14,low_flow,8V,163.9,231.7,0.82,low_flow_8V.csv
15,low_flow,8V,162.27,234.1,0.8,low_flow_8V.csv
16,low_flow,8V,159.54,230.0,0.82,low_flow_8V.csv
17,low_flow,8V,162.24,231.7,0.81,low_flow_8V.csv
18,low_flow,8V,160.48,231.5,0.79,low_flow_8V.csv
19,low_flow,8V,163.55,232.1,0.82,low_flow_8V.csv
20,low_flow,8V,160.75,231.1,0.82,low_flow_8V.csv
21,low_flow,8V,165.49,230.9,0.86,low_flow_8V.csv
22,low_flow,8V,160.4,232.8,0.79,low_flow_8V.csv
23,low_flow,8V,163.79,228.7,0.82,low_flow_8V.csv
24,low_flow,8V,163.89,231.3,0.8,low_flow_8V.csv
25,low_flow,8V,160.3,230.2,0.85,low_flow_8V.csv
26,low_flow,8V,160.76,233.0,0.81,low_flow_8V.csv
27,low_flow,8V,159.54,230.0,0.82,low_flow_8V.csv
28,low_flow,8V,163.9,233.7,0.8,low_flow_8V.csv
29,low_flow,8V,165.01,233.0,0.8,low_flow_8V.csv
30,low_flow,8V,161.11,233.9,0.79,low_flow_8V.csv
31,low_flow,8V,160.9,231.1,0.8,low_flow_8V.csv
32,low_flow,8V,162.47,232.8,0.82,low_flow_8V.csv
33,low_flow,8V,163.11,229.3,0.8,low_flow_8V.csv
34,low_flow,8V,161.04,231.5,0.79,low_flow_8V.csv
35,low_flow,8V,161.48,232.8,0.79,low_flow_8V.csv
36,low_flow,8V,162.74,233.9,0.8,low_flow_8V.csv
37,low_flow,8V,161.49,231.3,0.83,low_flow_8V.csv
38,low_flow,8V,162.03,233.7,0.82,low_flow_8V.csv
39,low_flow,8V,160.48,233.5,0.8,low_flow_8V.csv
40,low_flow,8V,162.47,232.6,0.81,low_flow_8V.csv
41,low_flow,8V,162.27,229.4,0.81,low_flow_8V.csv
43,low_flow,8V,161.17,231.3,0.8,low_flow_8V.csv
44,low_flow,8V,158.66,228.7,0.78,low_flow_8V.csv
45,low_flow,8V,160.36,230.6,0.83,low_flow_8V.csv
46,low_flow,8V,161.6,231.7,0.82,low_flow_8V.csv
47,low_flow,8V,161.44,234.3,0.79,low_flow_8V.csv
48,low_flow,8V,160.88,236.0,0.79,low_flow_8V.csv
49,low_flow,8V,160.31,233.5,0.8,low_flow_8V.csv
50,low_flow,8V,160.81,227.8,0.82,low_flow_8V.csv
51,low_flow,8V,161.22,229.8,0.8,low_flow_8V.csv
52,low_flow,8V,160.31,232.4,0.8,low_flow_8V.csv
53,low_flow,8V,160.37,231.5,0.82,low_flow_8V.csv
54,low_flow,8V,163.46,233.5,0.82,low_flow_8V.csv
55,low_flow,8V,160.59,229.1,0.79,low_flow_8V.csv
56,low_flow,8V,160.67,234.1,0.8,low_flow_8V.csv
57,low_flow,8V,164.39,233.9,0.84,low_flow_8V.csv
58,low_flow,8V,163.11,234.1,0.8,low_flow_8V.csv
59,low_flow,8V,161.92,233.7,0.82,low_flow_8V.csv
60,low_flow,8V,161.44,232.1,0.8,low_flow_8V.csv
61,low_flow,8V,159.61,229.8,0.8,low_flow_8V.csv
62,low_flow,8V,161.68,230.0,0.82,low_flow_8V.csv
63,low_flow,8V,159.4,228.7,0.79,low_flow_8V.csv
64,low_flow,8V,163.17,231.7,0.85,low_flow_8V.csv
65,low_flow,8V,162.73,230.9,0.81,low_flow_8V.csv
66,low_flow,8V,162.07,233.7,0.81,low_flow_8V.csv
67,low_flow,8V,161.12,231.1,0.83,low_flow_8V.csv
68,low_flow,8V,162.29,233.0,0.79,low_flow_8V.csv
69,low_flow,8V,162.38,230.7,0.8,low_flow_8V.csv
70,low_flow,8V,163.64,233.0,0.82,low_flow_8V.csv
71,low_flow,8V,162.21,231.9,0.79,low_flow_8V.csv
72,low_flow,8V,162.49,232.8,0.82,low_flow_8V.csv
73,low_flow,8V,161.57,231.3,0.82,low_flow_8V.csv
74,low_flow,8V,161.69,230.2,0.81,low_flow_8V.csv
75,low_flow,8V,162.37,231.9,0.8,low_flow_8V.csv
76,low_flow,8V,161.99,233.2,0.81,low_flow_8V.csv
77,low_flow,8V,160.21,230.2,0.83,low_flow_8V.csv
78,low_flow,8V,164.18,233.0,0.8,low_flow_8V.csv
79,low_flow,8V,161.32,233.0,0.83,low_flow_8V.csv
1,normal,valve_full_closed,164.41,284.4,0.72,normal_valve_full_closed.csv
2,normal,valve_full_closed,209.74,298.4,0.94,normal_valve_full_closed.csv
3,normal,valve_full_closed,165.96,303.3,0.62,normal_valve_full_closed.csv
4,normal,valve_full_closed,148.56,293.6,0.61,normal_valve_full_closed.csv
5,normal,valve_full_closed,139.73,271.2,0.62,normal_valve_full_closed.csv
6,normal,valve_full_closed,160.55,294.1,0.64,normal_valve_full_closed.csv
7,normal,valve_full_closed,153.84,295.4,0.63,normal_valve_full_closed.csv
8,normal,valve_full_closed,143.06,286.7,0.59,normal_valve_full_closed.csv
9,normal,valve_full_closed,154.69,303.6,0.61,normal_valve_full_closed.csv
10,normal,valve_full_closed,210.22,302.3,0.96,normal_valve_full_closed.csv
11,normal,valve_full_closed,187.03,300.6,0.65,normal_valve_full_closed.csv
12,normal,valve_full_closed,203.03,303.8,0.89,normal_valve_full_closed.csv
13,normal,valve_full_closed,195.62,299.5,0.75,normal_valve_full_closed.csv
14,normal,valve_full_closed,206.2,300.1,0.93,normal_valve_full_closed.csv
15,normal,valve_full_closed,200.92,301.6,0.87,normal_valve_full_closed.csv
16,normal,valve_full_closed,185.48,300.8,0.64,normal_valve_full_closed.csv
17,normal,valve_full_closed,203.94,304.4,0.86,normal_valve_full_closed.csv
18,normal,valve_full_closed,151.69,299.7,0.59,normal_valve_full_closed.csv
19,normal,valve_full_closed,209.44,306.4,0.92,normal_valve_full_closed.csv
20,normal,valve_full_closed,193.1,298.0,0.71,normal_valve_full_closed.csv
21,normal,valve_full_closed,159.15,284.8,0.65,normal_valve_full_closed.csv
22,normal,valve_full_closed,184.91,298.6,0.78,normal_valve_full_closed.csv
23,normal,valve_full_closed,205.4,294.9,0.89,normal_valve_full_closed.csv
24,normal,valve_full_closed,156.59,300.3,0.64,normal_valve_full_closed.csv
25,normal,valve_full_closed,184.34,297.3,0.78,normal_valve_full_closed.csv
26,normal,valve_full_closed,191.86,299.5,0.75,normal_valve_full_closed.csv
27,normal,valve_full_closed,156.0,284.2,0.65,normal_valve_full_closed.csv
28,normal,valve_full_closed,206.09,299.2,0.92,normal_valve_full_closed.csv
29,normal,valve_full_closed,166.18,296.5,0.61,normal_valve_full_closed.csv
30,normal,valve_full_closed,168.76,294.1,0.68,normal_valve_full_closed.csv
31,normal,valve_full_closed,192.68,296.2,0.8,normal_valve_full_closed.csv
32,normal,valve_full_closed,154.94,295.4,0.59,normal_valve_full_closed.csv
33,normal,valve_full_closed,184.33,301.8,0.77,normal_valve_full_closed.csv
34,normal,valve_full_closed,153.87,291.9,0.59,normal_valve_full_closed.csv
35,normal,valve_full_closed,158.46,291.5,0.64,normal_valve_full_closed.csv
37,normal,valve_full_closed,151.06,296.2,0.63,normal_valve_full_closed.csv
38,normal,valve_full_closed,203.37,300.6,0.91,normal_valve_full_closed.csv
39,normal,valve_full_closed,146.92,294.9,0.58,normal_valve_full_closed.csv
40,normal,valve_full_closed,199.0,303.1,0.86,normal_valve_full_closed.csv
41,normal,valve_full_closed,177.6,298.2,0.65,normal_valve_full_closed.csv
42,normal,valve_full_closed,179.81,295.1,0.75,normal_valve_full_closed.csv
43,normal,valve_full_closed,168.47,288.5,0.74,normal_valve_full_closed.csv
44,normal,valve_full_closed,169.08,300.3,0.62,normal_valve_full_closed.csv
45,normal,valve_full_closed,203.29,302.1,0.87,normal_valve_full_closed.csv
46,normal,valve_full_closed,168.18,299.5,0.6,normal_valve_full_closed.csv
47,normal,valve_full_closed,171.14,300.3,0.6,normal_valve_full_closed.csv
48,normal,valve_full_closed,151.64,293.2,0.6,normal_valve_full_closed.csv
49,normal,valve_full_closed,204.26,299.0,0.89,normal_valve_full_closed.csv
50,normal,valve_full_closed,147.61,298.2,0.58,normal_valve_full_closed.csv
51,normal,valve_full_closed,202.0,295.8,0.88,normal_valve_full_closed.csv
52,normal,valve_full_closed,158.21,281.8,0.65,normal_valve_full_closed.csv
53,normal,valve_full_closed,183.25,299.7,0.7,normal_valve_full_closed.csv
54,normal,valve_full_closed,148.34,294.3,0.59,normal_valve_full_closed.csv
55,normal,valve_full_closed,186.74,298.6,0.73,normal_valve_full_closed.csv
57,normal,valve_full_closed,150.07,294.1,0.59,normal_valve_full_closed.csv
58,normal,valve_full_closed,198.38,301.2,0.79,normal_valve_full_closed.csv
59,normal,valve_full_closed,179.81,296.2,0.68,normal_valve_full_closed.csv
60,normal,valve_full_closed,181.38,302.5,0.77,normal_valve_full_closed.csv
61,normal,valve_full_closed,188.13,299.3,0.73,normal_valve_full_closed.csv
62,normal,valve_full_closed,152.34,294.1,0.61,normal_valve_full_closed.csv
63,normal,valve_full_closed,195.62,299.9,0.76,normal_valve_full_closed.csv
64,normal,valve_full_closed,157.91,296.2,0.64,normal_valve_full_closed.csv
65,normal,valve_full_closed,182.4,304.9,0.7,normal_valve_full_closed.csv
66,normal,valve_full_closed,187.6,302.1,0.8,normal_valve_full_closed.csv
67,normal,valve_full_closed,153.53,297.3,0.61,normal_valve_full_closed.csv
68,normal,valve_full_closed,152.98,300.3,0.58,normal_valve_full_closed.csv
69,normal,valve_full_closed,183.74,302.0,0.76,normal_valve_full_closed.csv
70,normal,valve_full_closed,144.54,288.0,0.62,normal_valve_full_closed.csv
71,normal,valve_full_closed,202.86,298.8,0.9,normal_valve_full_closed.csv
72,normal,valve_full_closed,153.05,297.5,0.61,normal_valve_full_closed.csv
73,normal,valve_full_closed,182.86,300.3,0.68,normal_valve_full_closed.csv
74,normal,valve_full_closed,158.17,274.0,0.67,normal_valve_full_closed.csv
75,normal,valve_full_closed,145.52,290.0,0.58,normal_valve_full_closed.csv
76,normal,valve_full_closed,199.63,298.6,0.88,normal_valve_full_closed.csv
77,normal,valve_full_closed,151.06,270.5,0.62,normal_valve_full_closed.csv
78,normal,valve_full_closed,193.91,302.3,0.76,normal_valve_full_closed.csv
79,normal,valve_full_closed,180.96,293.6,0.77,normal_valve_full_closed.csv
1,normal,valve_mid_open,177.99,300.1,0.71,normal_valve_mid_open.csv
2,normal,valve_mid_open,156.06,297.5,0.63,normal_valve_mid_open.csv
3,normal,valve_mid_open,175.41,291.9,0.7,normal_valve_mid_open.csv
4,normal,valve_mid_open,187.33,308.7,0.71,normal_valve_mid_open.csv
5,normal,valve_mid_open,196.7,332.3,0.68,normal_valve_mid_open.csv
6,normal,valve_mid_open,195.79,327.7,0.72,normal_valve_mid_open.csv
7,normal,valve_mid_open,189.02,332.9,0.67,normal_valve_mid_open.csv
8,normal,valve_mid_open,195.11,338.5,0.71,normal_valve_mid_open.csv
9,normal,valve_mid_open,194.56,330.5,0.7,normal_valve_mid_open.csv
10,normal,valve_mid_open,204.09,337.0,0.74,normal_valve_mid_open.csv
11,normal,valve_mid_open,201.38,331.0,0.72,normal_valve_mid_open.csv
12,normal,valve_mid_open,209.84,355.4,0.72,normal_valve_mid_open.csv
13,normal,valve_mid_open,207.84,359.0,0.71,normal_valve_mid_open.csv
14,normal,valve_mid_open,211.15,353.8,0.74,normal_valve_mid_open.csv
15,normal,valve_mid_open,208.6,357.5,0.68,normal_valve_mid_open.csv
16,normal,valve_mid_open,211.49,354.0,0.71,normal_valve_mid_open.csv
17,normal,valve_mid_open,214.77,354.1,0.72,normal_valve_mid_open.csv
18,normal,valve_mid_open,209.8,358.2,0.71,normal_valve_mid_open.csv
19,normal,valve_mid_open,212.19,356.6,0.7,normal_valve_mid_open.csv
20,normal,valve_mid_open,209.62,348.4,0.68,normal_valve_mid_open.csv
21,normal,valve_mid_open,213.21,354.5,0.72,normal_valve_mid_open.csv
22,normal,valve_mid_open,212.19,350.4,0.7,normal_valve_mid_open.csv
23,normal,valve_mid_open,212.05,352.3,0.72,normal_valve_mid_open.csv
24,normal,valve_mid_open,213.35,356.6,0.71,normal_valve_mid_open.csv
25,normal,valve_mid_open,208.29,357.5,0.68,normal_valve_mid_open.csv
26,normal,valve_mid_open,206.76,351.9,0.67,normal_valve_mid_open.csv
27,normal,valve_mid_open,207.37,358.8,0.67,normal_valve_mid_open.csv
28,normal,valve_mid_open,212.04,350.2,0.74,normal_valve_mid_open.csv
29,normal,valve_mid_open,207.73,349.5,0.69,normal_valve_mid_open.csv
30,normal,valve_mid_open,208.8,355.3,0.72,normal_valve_mid_open.csv
31,normal,valve_mid_open,213.33,354.0,0.72,normal_valve_mid_open.csv
32,normal,valve_mid_open,209.73,355.4,0.71,normal_valve_mid_open.csv
33,normal,valve_mid_open,212.95,350.2,0.73,normal_valve_mid_open.csv
34,normal,valve_mid_open,211.37,348.5,0.7,normal_valve_mid_open.csv
35,normal,valve_mid_open,211.07,357.5,0.69,normal_valve_mid_open.csv
36,normal,valve_mid_open,210.92,352.8,0.72,normal_valve_mid_open.csv
37,normal,valve_mid_open,212.32,351.2,0.76,normal_valve_mid_open.csv
38,normal,valve_mid_open,212.16,351.9,0.69,normal_valve_mid_open.csv
39,normal,valve_mid_open,211.14,355.8,0.71,normal_valve_mid_open.csv
40,normal,valve_mid_open,211.11,352.8,0.7,normal_valve_mid_open.csv
41,normal,valve_mid_open,213.15,356.9,0.71,normal_valve_mid_open.csv
42,normal,valve_mid_open,211.43,357.5,0.73,normal_valve_mid_open.csv
43,normal,valve_mid_open,213.91,347.1,0.7,normal_valve_mid_open.csv
44,normal,valve_mid_open,209.03,347.1,0.69,normal_valve_mid_open.csv
45,normal,valve_mid_open,211.46,351.0,0.73,normal_valve_mid_open.csv
46,normal,valve_mid_open,211.45,349.7,0.7,normal_valve_mid_open.csv
47,normal,valve_mid_open,211.6,358.6,0.7,normal_valve_mid_open.csv
48,normal,valve_mid_open,212.93,351.9,0.74,normal_valve_mid_open.csv
49,normal,valve_mid_open,214.24,355.1,0.7,normal_valve_mid_open.csv
50,normal,valve_mid_open,209.41,355.1,0.71,normal_valve_mid_open.csv
51,normal,valve_mid_open,210.16,355.1,0.73,normal_valve_mid_open.csv
52,normal,valve_mid_open,211.01,355.1,0.69,normal_valve_mid_open.csv
53,normal,valve_mid_open,210.86,346.1,0.69,normal_valve_mid_open.csv
54,normal,valve_mid_open,209.96,356.0,0.71,normal_valve_mid_open.csv
55,normal,valve_mid_open,211.7,359.0,0.71,normal_valve_mid_open.csv
56,normal,valve_mid_open,209.95,351.0,0.68,normal_valve_mid_open.csv
57,normal,valve_mid_open,210.44,352.1,0.73,normal_valve_mid_open.csv
58,normal,valve_mid_open,209.43,341.3,0.7,normal_valve_mid_open.csv
59,normal,valve_mid_open,216.11,356.9,0.75,normal_valve_mid_open.csv
60,normal,valve_mid_open,213.09,356.6,0.69,normal_valve_mid_open.csv
61,normal,valve_mid_open,211.31,348.9,0.71,normal_valve_mid_open.csv
62,normal,valve_mid_open,211.33,350.0,0.7,normal_valve_mid_open.csv
63,normal,valve_mid_open,214.39,358.8,0.71,normal_valve_mid_open.csv
64,normal,valve_mid_open,211.08,351.9,0.71,normal_valve_mid_open.csv
65,normal,valve_mid_open,209.43,356.0,0.72,normal_valve_mid_open.csv
66,normal,valve_mid_open,211.54,352.6,0.7,normal_valve_mid_open.csv
67,normal,valve_mid_open,214.18,352.8,0.71,normal_valve_mid_open.csv
68,normal,valve_mid_open,211.19,356.9,0.71,normal_valve_mid_open.csv
69,normal,valve_mid_open,213.07,356.7,0.73,normal_valve_mid_open.csv
70,normal,valve_mid_open,209.45,351.0,0.75,normal_valve_mid_open.csv
71,normal,valve_mid_open,213.42,353.8,0.73,normal_valve_mid_open.csv
72,normal,valve_mid_open,210.29,355.6,0.75,normal_valve_mid_open.csv
73,normal,valve_mid_open,212.23,352.6,0.72,normal_valve_mid_open.csv
74,normal,valve_mid_open,211.05,348.4,0.74,normal_valve_mid_open.csv
75,normal,valve_mid_open,208.69,359.5,0.71,normal_valve_mid_open.csv
76,normal,valve_mid_open,211.46,351.0,0.72,normal_valve_mid_open.csv
77,normal,valve_mid_open,210.9,348.0,0.72,normal_valve_mid_open.csv
78,normal,valve_mid_open,207.2,353.8,0.7,normal_valve_mid_open.csv
79,normal,valve_mid_open,205.92,353.6,0.7,normal_valve_mid_open.csv
1,low_flow,8.5V,153.75,244.5,0.78,low_flow_8.5V.csv
2,low_flow,8.5V,175.81,254.6,0.84,low_flow_8.5V.csv
3,low_flow,8.5V,174.68,252.0,0.85,low_flow_8.5V.csv
4,low_flow,8.5V,172.12,247.0,0.76,low_flow_8.5V.csv
5,low_flow,8.5V,171.89,247.3,0.79,low_flow_8.5V.csv
6,low_flow,8.5V,171.17,254.0,0.78,low_flow_8.5V.csv
7,low_flow,8.5V,171.07,252.0,0.81,low_flow_8.5V.csv
8,low_flow,8.5V,173.44,246.4,0.76,low_flow_8.5V.csv
9,low_flow,8.5V,175.02,249.4,0.83,low_flow_8.5V.csv
10,low_flow,8.5V,173.93,254.4,0.84,low_flow_8.5V.csv
11,low_flow,8.5V,174.19,252.9,0.82,low_flow_8.5V.csv
12,low_flow,8.5V,171.91,252.2,0.8,low_flow_8.5V.csv
13,low_flow,8.5V,173.48,245.3,0.82,low_flow_8.5V.csv
14,low_flow,8.5V,172.39,247.7,0.82,low_flow_8.5V.csv
15,low_flow,8.5V,171.94,252.0,0.77,low_flow_8.5V.csv
16,low_flow,8.5V,174.19,253.3,0.82,low_flow_8.5V.csv
17,low_flow,8.5V,172.49,252.0,0.84,low_flow_8.5V.csv
18,low_flow,8.5V,171.06,246.2,0.74,low_flow_8.5V.csv
19,low_flow,8.5V,175.41,252.9,0.83,low_flow_8.5V.csv
20,low_flow,8.5V,173.72,245.5,0.84,low_flow_8.5V.csv
21,low_flow,8.5V,174.19,249.9,0.8,low_flow_8.5V.csv
22,low_flow,8.5V,169.61,243.4,0.76,low_flow_8.5V.csv
23,low_flow,8.5V,172.67,252.9,0.8,low_flow_8.5V.csv
24,low_flow,8.5V,172.63,251.8,0.79,low_flow_8.5V.csv
25,low_flow,8.5V,173.36,250.5,0.78,low_flow_8.5V.csv
26,low_flow,8.5V,174.94,243.6,0.83,low_flow_8.5V.csv
27,low_flow,8.5V,172.17,249.2,0.78,low_flow_8.5V.csv
28,low_flow,8.5V,171.56,252.4,0.82,low_flow_8.5V.csv
29,low_flow,8.5V,173.75,247.2,0.81,low_flow_8.5V.csv
30,low_flow,8.5V,173.03,252.2,0.75,low_flow_8.5V.csv
31,low_flow,8.5V,173.51,248.8,0.8,low_flow_8.5V.csv
32,low_flow,8.5V,172.1,248.5,0.8,low_flow_8.5V.csv
33,low_flow,8.5V,171.44,250.3,0.77,low_flow_8.5V.csv
34,low_flow,8.5V,173.06,248.5,0.8,low_flow_8.5V.csv
35,low_flow,8.5V,173.19,245.8,0.8,low_flow_8.5V.csv
36,low_flow,8.5V,175.34,247.5,0.82,low_flow_8.5V.csv
37,low_flow,8.5V,172.75,251.4,0.77,low_flow_8.5V.csv
38,low_flow,8.5V,170.61,247.5,0.76,low_flow_8.5V.csv
39,low_flow,8.5V,170.68,248.1,0.76,low_flow_8.5V.csv
40,low_flow,8.5V,172.65,250.7,0.81,low_flow_8.5V.csv
41,low_flow,8.5V,169.59,246.8,0.78,low_flow_8.5V.csv
42,low_flow,8.5V,170.35,248.8,0.77,low_flow_8.5V.csv
43,low_flow,8.5V,171.98,248.8,0.76,low_flow_8.5V.csv
44,low_flow,8.5V,172.84,249.8,0.82,low_flow_8.5V.csv
45,low_flow,8.5V,172.36,252.2,0.79,low_flow_8.5V.csv
46,low_flow,8.5V,170.76,251.4,0.77,low_flow_8.5V.csv
47,low_flow,8.5V,169.82,247.7,0.75,low_flow_8.5V.csv
48,low_flow,8.5V,171.27,251.8,0.8,low_flow_8.5V.csv
49,low_flow,8.5V,173.6,248.1,0.79,low_flow_8.5V.csv
50,low_flow,8.5V,168.63,248.1,0.8,low_flow_8.5V.csv
51,low_flow,8.5V,174.94,245.3,0.83,low_flow_8.5V.csv
52,low_flow,8.5V,172.52,248.6,0.84,low_flow_8.5V.csv
53,low_flow,8.5V,171.96,251.3,0.83,low_flow_8.5V.csv
54,low_flow,8.5V,173.56,249.0,0.78,low_flow_8.5V.csv
55,low_flow,8.5V,175.24,251.8,0.8,low_flow_8.5V.csv
56,low_flow,8.5V,170.13,251.4,0.83,low_flow_8.5V.csv
57,low_flow,8.5V,173.61,246.6,0.84,low_flow_8.5V.csv
58,low_flow,8.5V,172.15,250.5,0.77,low_flow_8.5V.csv
59,low_flow,8.5V,170.87,250.7,0.8,low_flow_8.5V.csv
60,low_flow,8.5V,171.55,249.9,0.78,low_flow_8.5V.csv
61,low_flow,8.5V,172.46,250.9,0.81,low_flow_8.5V.csv
62,low_flow,8.5V,172.07,249.8,0.82,low_flow_8.5V.csv
63,low_flow,8.5V,170.6,254.0,0.82,low_flow_8.5V.csv
64,low_flow,8.5V,172.91,249.6,0.84,low_flow_8.5V.csv
65,low_flow,8.5V,174.45,250.3,0.85,low_flow_8.5V.csv
66,low_flow,8.5V,168.5,250.5,0.75,low_flow_8.5V.csv
67,low_flow,8.5V,174.33,246.8,0.83,low_flow_8.5V.csv
68,low_flow,8.5V,171.99,247.9,0.76,low_flow_8.5V.csv
69,low_flow,8.5V,172.17,246.2,0.75,low_flow_8.5V.csv
70,low_flow,8.5V,172.35,250.3,0.82,low_flow_8.5V.csv
71,low_flow,8.5V,175.4,249.4,0.79,low_flow_8.5V.csv
72,low_flow,8.5V,171.64,248.3,0.77,low_flow_8.5V.csv
73,low_flow,8.5V,169.77,249.2,0.8,low_flow_8.5V.csv
74,low_flow,8.5V,175.04,250.3,0.85,low_flow_8.5V.csv
75,low_flow,8.5V,173.94,245.1,0.8,low_flow_8.5V.csv
76,low_flow,8.5V,175.55,252.7,0.81,low_flow_8.5V.csv
77,low_flow,8.5V,172.59,246.6,0.77,low_flow_8.5V.csv
78,low_flow,8.5V,174.86,247.5,0.82,low_flow_8.5V.csv
79,low_flow,8.5V,171.64,248.5,0.74,low_flow_8.5V.csv
1,low_flow,9.5V,176.78,281.3,0.76,low_flow_9.5V.csv
2,low_flow,9.5V,193.69,295.1,0.72,low_flow_9.5V.csv
3,low_flow,9.5V,195.93,298.6,0.78,low_flow_9.5V.csv
4,low_flow,9.5V,195.47,297.3,0.72,low_flow_9.5V.csv
5,low_flow,9.5V,194.83,296.5,0.74,low_flow_9.5V.csv
6,low_flow,9.5V,198.37,295.4,0.79,low_flow_9.5V.csv
7,low_flow,9.5V,199.29,294.3,0.75,low_flow_9.5V.csv
8,low_flow,9.5V,193.36,298.4,0.74,low_flow_9.5V.csv
9,low_flow,9.5V,193.5,292.6,0.81,low_flow_9.5V.csv
10,low_flow,9.5V,198.5,297.5,0.77,low_flow_9.5V.csv
11,low_flow,9.5V,193.92,292.1,0.76,low_flow_9.5V.csv
12,low_flow,9.5V,193.89,292.3,0.76,low_flow_9.5V.csv
13,low_flow,9.5V,194.19,291.3,0.78,low_flow_9.5V.csv
14,low_flow,9.5V,193.6,294.7,0.77,low_flow_9.5V.csv
15,low_flow,9.5V,195.71,290.8,0.77,low_flow_9.5V.csv
16,low_flow,9.5V,192.82,293.6,0.76,low_flow_9.5V.csv
17,low_flow,9.5V,194.3,292.6,0.8,low_flow_9.5V.csv
18,low_flow,9.5V,192.49,297.8,0.76,low_flow_9.5V.csv
19,low_flow,9.5V,192.2,294.7,0.76,low_flow_9.5V.csv
20,low_flow,9.5V,193.88,296.2,0.78,low_flow_9.5V.csv
21,low_flow,9.5V,194.02,293.7,0.76,low_flow_9.5V.csv
22,low_flow,9.5V,193.57,295.8,0.76,low_flow_9.5V.csv
23,low_flow,9.5V,192.77,293.2,0.77,low_flow_9.5V.csv
24,low_flow,9.5V,193.14,292.3,0.8,low_flow_9.5V.csv
25,low_flow,9.5V,190.49,293.0,0.79,low_flow_9.5V.csv
26,low_flow,9.5V,191.17,293.2,0.78,low_flow_9.5V.csv
27,low_flow,9.5V,191.96,294.9,0.8,low_flow_9.5V.csv
28,low_flow,9.5V,188.27,288.3,0.8,low_flow_9.5V.csv
29,low_flow,9.5V,192.33,289.5,0.81,low_flow_9.5V.csv
30,low_flow,9.5V,192.03,290.6,0.77,low_flow_9.5V.csv
31,low_flow,9.5V,194.49,293.4,0.79,low_flow_9.5V.csv
32,low_flow,9.5V,195.44,292.6,0.76,low_flow_9.5V.csv
33,low_flow,9.5V,192.23,291.7,0.81,low_flow_9.5V.csv
34,low_flow,9.5V,192.49,293.0,0.79,low_flow_9.5V.csv
35,low_flow,9.5V,193.01,295.2,0.84,low_flow_9.5V.csv
36,low_flow,9.5V,192.16,288.5,0.78,low_flow_9.5V.csv
37,low_flow,9.5V,191.23,291.0,0.82,low_flow_9.5V.csv
39,low_flow,9.5V,193.97,295.6,0.81,low_flow_9.5V.csv
40,low_flow,9.5V,190.66,292.4,0.79,low_flow_9.5V.csv
41,low_flow,9.5V,196.17,290.2,0.76,low_flow_9.5V.csv
42,low_flow,9.5V,191.27,292.3,0.77,low_flow_9.5V.csv
43,low_flow,9.5V,194.48,296.9,0.83,low_flow_9.5V.csv
44,low_flow,9.5V,193.26,293.9,0.81,low_flow_9.5V.csv
45,low_flow,9.5V,194.17,294.1,0.78,low_flow_9.5V.csv
46,low_flow,9.5V,190.86,289.8,0.8,low_flow_9.5V.csv
47,low_flow,9.5V,193.33,294.7,0.78,low_flow_9.5V.csv
48,low_flow,9.5V,192.96,291.9,0.78,low_flow_9.5V.csv
49,low_flow,9.5V,196.53,291.3,0.75,low_flow_9.5V.csv
50,low_flow,9.5V,193.76,294.5,0.82,low_flow_9.5V.csv
51,low_flow,9.5V,193.54,293.7,0.78,low_flow_9.5V.csv
52,low_flow,9.5V,193.24,293.4,0.76,low_flow_9.5V.csv
53,low_flow,9.5V,195.99,294.3,0.7,low_flow_9.5V.csv
54,low_flow,9.5V,189.21,283.9,0.83,low_flow_9.5V.csv
55,low_flow,9.5V,197.77,296.9,0.72,low_flow_9.5V.csv
56,low_flow,9.5V,199.97,296.9,0.76,low_flow_9.5V.csv
57,low_flow,9.5V,200.1,296.4,0.69,low_flow_9.5V.csv
58,low_flow,9.5V,197.03,295.1,0.69,low_flow_9.5V.csv
59,low_flow,9.5V,197.18,296.9,0.7,low_flow_9.5V.csv
60,low_flow,9.5V,190.64,289.5,0.84,low_flow_9.5V.csv
61,low_flow,9.5V,197.0,295.4,0.79,low_flow_9.5V.csv
62,low_flow,9.5V,194.59,295.2,0.79,low_flow_9.5V.csv
63,low_flow,9.5V,192.81,294.1,0.76,low_flow_9.5V.csv
64,low_flow,9.5V,191.46,290.4,0.83,low_flow_9.5V.csv
65,low_flow,9.5V,192.31,297.3,0.76,low_flow_9.5V.csv
66,low_flow,9.5V,196.61,294.5,0.79,low_flow_9.5V.csv
67,low_flow,9.5V,192.37,293.9,0.78,low_flow_9.5V.csv
68,low_flow,9.5V,193.73,291.7,0.79,low_flow_9.5V.csv
69,low_flow,9.5V,195.19,293.9,0.76,low_flow_9.5V.csv
70,low_flow,9.5V,189.14,295.1,0.76,low_flow_9.5V.csv
71,low_flow,9.5V,193.35,294.1,0.8,low_flow_9.5V.csv
72,low_flow,9.5V,192.16,295.4,0.79,low_flow_9.5V.csv
73,low_flow,9.5V,194.57,294.9,0.75,low_flow_9.5V.csv
74,low_flow,9.5V,192.07,294.5,0.75,low_flow_9.5V.csv
75,low_flow,9.5V,192.35,296.4,0.79,low_flow_9.5V.csv
76,low_flow,9.5V,189.97,279.8,0.82,low_flow_9.5V.csv
77,low_flow,9.5V,189.7,290.8,0.83,low_flow_9.5V.csv
78,low_flow,9.5V,196.17,294.9,0.79,low_flow_9.5V.csv
79,low_flow,9.5V,188.57,295.8,0.76,low_flow_9.5V.csv
1,low_flow,11.5V,157.75,267.8,0.75,low_flow_11.5V.csv
2,low_flow,11.5V,217.57,352.6,0.72,low_flow_11.5V.csv
3,low_flow,11.5V,212.24,344.3,0.74,low_flow_11.5V.csv
4,low_flow,11.5V,221.66,359.2,0.74,low_flow_11.5V.csv
5,low_flow,11.5V,219.49,364.2,0.7,low_flow_11.5V.csv
6,low_flow,11.5V,219.59,356.6,0.72,low_flow_11.5V.csv
7,low_flow,11.5V,223.54,373.7,0.73,low_flow_11.5V.csv
8,low_flow,11.5V,238.37,374.3,0.77,low_flow_11.5V.csv
9,low_flow,11.5V,243.82,379.1,0.83,low_flow_11.5V.csv
10,low_flow,11.5V,230.6,379.1,0.67,low_flow_11.5V.csv
11,low_flow,11.5V,232.52,377.6,0.71,low_flow_11.5V.csv
12,low_flow,11.5V,242.11,388.8,0.77,low_flow_11.5V.csv
13,low_flow,11.5V,236.92,390.1,0.68,low_flow_11.5V.csv
14,low_flow,11.5V,236.27,388.6,0.74,low_flow_11.5V.csv
15,low_flow,11.5V,241.54,387.7,0.69,low_flow_11.5V.csv
16,low_flow,11.5V,238.75,387.9,0.71,low_flow_11.5V.csv
17,low_flow,11.5V,239.82,387.7,0.71,low_flow_11.5V.csv
18,low_flow,11.5V,240.03,387.5,0.71,low_flow_11.5V.csv
19,low_flow,11.5V,239.31,387.9,0.71,low_flow_11.5V.csv
20,low_flow,11.5V,239.23,391.8,0.75,low_flow_11.5V.csv
21,low_flow,11.5V,241.0,390.9,0.71,low_flow_11.5V.csv
22,low_flow,11.5V,238.87,392.5,0.75,low_flow_11.5V.csv
23,low_flow,11.5V,241.87,389.4,0.77,low_flow_11.5V.csv
24,low_flow,11.5V,244.52,388.1,0.74,low_flow_11.5V.csv
25,low_flow,11.5V,241.28,388.4,0.7,low_flow_11.5V.csv
26,low_flow,11.5V,238.28,375.0,0.74,low_flow_11.5V.csv
27,low_flow,11.5V,238.31,382.5,0.76,low_flow_11.5V.csv
28,low_flow,11.5V,236.09,386.2,0.75,low_flow_11.5V.csv
29,low_flow,11.5V,245.01,390.9,0.72,low_flow_11.5V.csv
30,low_flow,11.5V,239.49,391.0,0.73,low_flow_11.5V.csv
31,low_flow,11.5V,242.05,389.6,0.73,low_flow_11.5V.csv
32,low_flow,11.5V,242.04,387.7,0.69,low_flow_11.5V.csv
33,low_flow,11.5V,239.29,384.7,0.75,low_flow_11.5V.csv
34,low_flow,11.5V,241.09,384.9,0.74,low_flow_11.5V.csv
35,low_flow,11.5V,232.95,381.0,0.73,low_flow_11.5V.csv
36,low_flow,11.5V,241.34,384.5,0.72,low_flow_11.5V.csv
37,low_flow,11.5V,239.77,385.3,0.69,low_flow_11.5V.csv
38,low_flow,11.5V,241.81,386.6,0.69,low_flow_11.5V.csv
39,low_flow,11.5V,231.12,378.6,0.73,low_flow_11.5V.csv
40,low_flow,11.5V,240.96,388.6,0.72,low_flow_11.5V.csv
41,low_flow,11.5V,239.55,389.4,0.71,low_flow_11.5V.csv
42,low_flow,11.5V,238.52,390.5,0.69,low_flow_11.5V.csv
43,low_flow,11.5V,232.99,383.4,0.74,low_flow_11.5V.csv
44,low_flow,11.5V,236.34,392.3,0.74,low_flow_11.5V.csv
45,low_flow,11.5V,237.5,388.2,0.73,low_flow_11.5V.csv
46,low_flow,11.5V,238.46,390.1,0.72,low_flow_11.5V.csv
47,low_flow,11.5V,240.25,388.4,0.71,low_flow_11.5V.csv
48,low_flow,11.5V,235.94,390.7,0.77,low_flow_11.5V.csv
49,low_flow,11.5V,236.4,386.6,0.73,low_flow_11.5V.csv
50,low_flow,11.5V,236.25,374.5,0.75,low_flow_11.5V.csv
51,low_flow,11.5V,237.16,379.3,0.75,low_flow_11.5V.csv
52,low_flow,11.5V,236.11,375.9,0.75,low_flow_11.5V.csv
53,low_flow,11.5V,241.9,384.0,0.73,low_flow_11.5V.csv
54,low_flow,11.5V,237.65,389.2,0.74,low_flow_11.5V.csv
55,low_flow,11.5V,238.7,389.9,0.75,low_flow_11.5V.csv
56,low_flow,11.5V,234.42,377.4,0.75,low_flow_11.5V.csv
57,low_flow,11.5V,236.7,389.6,0.75,low_flow_11.5V.csv
58,low_flow,11.5V,241.23,384.9,0.72,low_flow_11.5V.csv
59,low_flow,11.5V,241.33,387.7,0.72,low_flow_11.5V.csv
60,low_flow,11.5V,238.43,389.0,0.71,low_flow_11.5V.csv
61,low_flow,11.5V,239.26,391.8,0.69,low_flow_11.5V.csv
62,low_flow,11.5V,237.57,389.2,0.72,low_flow_11.5V.csv
63,low_flow,11.5V,241.92,387.7,0.73,low_flow_11.5V.csv
64,low_flow,11.5V,237.94,378.7,0.76,low_flow_11.5V.csv
65,low_flow,11.5V,239.04,379.3,0.76,low_flow_11.5V.csv
66,low_flow,11.5V,234.63,385.3,0.67,low_flow_11.5V.csv
67,low_flow,11.5V,238.43,378.2,0.77,low_flow_11.5V.csv
68,low_flow,11.5V,237.2,388.1,0.68,low_flow_11.5V.csv
69,low_flow,11.5V,237.72,386.4,0.74,low_flow_11.5V.csv
70,low_flow,11.5V,236.72,384.1,0.72,low_flow_11.5V.csv
71,low_flow,11.5V,238.07,389.0,0.69,low_flow_11.5V.csv
72,low_flow,11.5V,241.87,384.5,0.73,low_flow_11.5V.csv
73,low_flow,11.5V,234.26,388.4,0.74,low_flow_11.5V.csv
74,low_flow,11.5V,237.16,388.4,0.74,low_flow_11.5V.csv
75,low_flow,11.5V,238.08,387.9,0.73,low_flow_11.5V.csv
76,low_flow,11.5V,238.55,384.7,0.74,low_flow_11.5V.csv
77,low_flow,11.5V,238.32,388.4,0.74,low_flow_11.5V.csv
78,low_flow,11.5V,239.62,385.1,0.69,low_flow_11.5V.csv
79,low_flow,11.5V,230.72,389.2,0.72,low_flow_11.5V.csv
